dt,AverageTemperature,AverageTemperatureUncertainty,Country
1819-01-01,11.043,2.926,Egypt
1819-02-01,14.021,2.873,Egypt
1819-03-01,16.91,4.529,Egypt
1819-04-01,21.378,1.79,Egypt
1819-05-01,25.627,1.892,Egypt
1819-06-01,28.254,2.075,Egypt
1819-07-01,28.721,1.695,Egypt
1819-08-01,28.699,2.042,Egypt
1819-09-01,26.813,1.876,Egypt
1819-10-01,24.64,1.912,Egypt
1819-11-01,19.271,2.025,Egypt
1819-12-01,14.213,2.134,Egypt
1820-01-01,12.064,4.951,Egypt
1820-02-01,14.206,2.113,Egypt
1820-03-01,17.707,2.575,Egypt
1820-04-01,22.887,1.611,Egypt
1820-05-01,27.5,2.171,Egypt
1820-06-01,29.601,1.905,Egypt
1820-07-01,29.559,2.615,Egypt
1820-08-01,28.048,1.903,Egypt
1820-09-01,27.748,1.946,Egypt
1820-10-01,22.161,2.1,Egypt
1820-11-01,17.817,1.684,Egypt
1820-12-01,13.611,2.41,Egypt
1821-01-01,13.969,2.805,Egypt
1821-02-01,14.922,3.396,Egypt
1821-03-01,19.033,2.063,Egypt
1821-04-01,22.04,2.112,Egypt
1821-05-01,27.647,2.143,Egypt
1821-06-01,28.345,2.805,Egypt
1821-07-01,28.457,1.874,Egypt
1821-08-01,28.342,2.026,Egypt
1821-09-01,26.006,1.798,Egypt
1821-10-01,23.091,1.852,Egypt
1821-11-01,18.494,2.436,Egypt
1821-12-01,14.269,2.065,Egypt
1822-01-01,13.68,3.11,Egypt
1822-02-01,15.114,2.132,Egypt
1822-03-01,19.634,2.041,Egypt
1822-04-01,22.254,2.131,Egypt
1822-05-01,25.902,1.907,Egypt
1822-06-01,,,Egypt
1822-07-01,30.236,1.856,Egypt
1822-08-01,29.521,2.127,Egypt
1822-09-01,27.003,1.936,Egypt
1822-10-01,22.892,1.916,Egypt
1822-11-01,17.88,1.913,Egypt
1822-12-01,12.53,2.54,Egypt
1823-01-01,13.461,2.041,Egypt
1823-02-01,14.9,2.071,Egypt
1823-03-01,18.478,2.121,Egypt
1823-04-01,22.34,2.363,Egypt
1823-05-01,,,Egypt
1823-06-01,,,Egypt
1823-07-01,30.156,1.883,Egypt
1823-08-01,,,Egypt
1823-09-01,25.78,1.998,Egypt
1823-10-01,22.269,2.108,Egypt
1823-11-01,17.159,3.035,Egypt
1823-12-01,13.814,1.89,Egypt
1824-01-01,13.497,1.826,Egypt
1824-02-01,14.5,2.386,Egypt
1824-03-01,18.582,2.013,Egypt
1824-04-01,22.385,2.463,Egypt
1824-05-01,27.141,2.104,Egypt
1824-06-01,29.861,2.673,Egypt
1824-07-01,30.494,3.016,Egypt
1824-08-01,30.032,2.273,Egypt
1824-09-01,27.641,2.202,Egypt
1824-10-01,23.757,1.954,Egypt
1824-11-01,19.027,2.145,Egypt
1824-12-01,16.029,2.672,Egypt
1825-01-01,13.243,2.491,Egypt
1825-02-01,14.186,1.979,Egypt
1825-03-01,18.141,2.154,Egypt
1825-04-01,22.759,2.381,Egypt
1825-05-01,26.377,1.937,Egypt
1825-06-01,29.494,1.917,Egypt
1825-07-01,29.998,2.258,Egypt
1825-08-01,29.438,2.36,Egypt
1825-09-01,27.036,2.124,Egypt
1825-10-01,22.912,2.203,Egypt
1825-11-01,20.116,2.15,Egypt
1825-12-01,14.975,1.935,Egypt
1826-01-01,13.658,1.957,Egypt
1826-02-01,12.889,2.256,Egypt
1826-03-01,17.737,1.998,Egypt
1826-04-01,22.16,2.786,Egypt
1826-05-01,26.919,1.952,Egypt
1826-06-01,28.607,2.575,Egypt
1826-07-01,30.499,1.998,Egypt
1826-08-01,29.198,2.186,Egypt
1826-09-01,27.375,2.519,Egypt
1826-10-01,23.268,2.454,Egypt
1826-11-01,19.949,1.821,Egypt
1826-12-01,16.094,2.562,Egypt
1827-01-01,15.076,2.564,Egypt
1827-02-01,16.086,1.859,Egypt
1827-03-01,19.54,2.127,Egypt
1827-04-01,23.249,2.984,Egypt
1827-05-01,27.094,2.466,Egypt
1827-06-01,29.376,2.228,Egypt
1827-07-01,30.853,1.967,Egypt
1827-08-01,30.273,2.074,Egypt
1827-09-01,26.581,1.917,Egypt
1827-10-01,23.882,1.857,Egypt
1827-11-01,19.799,1.841,Egypt
1827-12-01,13.897,3.194,Egypt
1828-01-01,11.227,2.564,Egypt
1828-02-01,13.565,2.353,Egypt
1828-03-01,19.138,2.263,Egypt
1828-04-01,22.808,2.4,Egypt
1828-05-01,27.229,2.646,Egypt
1828-06-01,30.475,2.571,Egypt
1828-07-01,31.294,2.084,Egypt
1828-08-01,30.09,2.331,Egypt
1828-09-01,26.093,1.823,Egypt
1828-10-01,23.275,2,Egypt
1828-11-01,19.332,2.048,Egypt
1828-12-01,13.849,2.628,Egypt
1829-01-01,13.645,2.01,Egypt
1829-02-01,13.781,2.66,Egypt
1829-03-01,18.63,2.087,Egypt
1829-04-01,23.183,2.008,Egypt
1829-05-01,26.906,2.958,Egypt
1829-06-01,28.583,2.426,Egypt
1829-07-01,30.037,2.027,Egypt
1829-08-01,29.426,2.157,Egypt
1829-09-01,26.778,2.212,Egypt
1829-10-01,23.895,2.145,Egypt
1829-11-01,18.243,2.775,Egypt
1829-12-01,14.41,3.679,Egypt
1830-01-01,14.029,2.603,Egypt
1830-02-01,15.956,1.855,Egypt
1830-03-01,17.028,1.92,Egypt
1830-04-01,22.9,1.916,Egypt
1830-05-01,26.402,1.985,Egypt
1830-06-01,29.358,2.689,Egypt
1830-07-01,31.011,2.1,Egypt
1830-08-01,29.557,2.458,Egypt
1830-09-01,26.821,2.423,Egypt
1830-10-01,22.456,2.638,Egypt
1830-11-01,20.061,2.071,Egypt
1830-12-01,16.244,2.427,Egypt
1831-01-01,13.069,2.451,Egypt
1831-02-01,14.148,3.832,Egypt
1831-03-01,17.894,2.918,Egypt
1831-04-01,21.655,1.898,Egypt
1831-05-01,27.194,2.562,Egypt
1831-06-01,29.703,2.275,Egypt
1831-07-01,29.675,2.031,Egypt
1831-08-01,28.665,2.18,Egypt
1831-09-01,26.042,1.96,Egypt
1831-10-01,22.58,2.147,Egypt
1831-11-01,18.069,3.559,Egypt
1831-12-01,13.698,3.256,Egypt
1832-01-01,12.894,2.042,Egypt
1832-02-01,13.61,2.392,Egypt
1832-03-01,17.885,2.216,Egypt
1832-04-01,22.092,2.921,Egypt
1832-05-01,26.392,2.007,Egypt
1832-06-01,29.105,2.023,Egypt
1832-07-01,29.706,2.454,Egypt
1832-08-01,27.932,2.125,Egypt
1832-09-01,26.363,2.348,Egypt
1832-10-01,23.163,2.179,Egypt
1832-11-01,17.764,1.876,Egypt
1832-12-01,13.205,3.275,Egypt
1833-01-01,12.99,3.208,Egypt
1833-02-01,14.789,2.043,Egypt
1833-03-01,17.595,2.271,Egypt
1833-04-01,22.365,2.093,Egypt
1833-05-01,26.244,2.067,Egypt
1833-06-01,29.324,2.075,Egypt
1833-07-01,29.913,1.961,Egypt
1833-08-01,29.463,1.96,Egypt
1833-09-01,27.331,1.973,Egypt
1833-10-01,22.867,2.02,Egypt
1833-11-01,19.527,1.953,Egypt
1833-12-01,14.188,2.361,Egypt
1834-01-01,11.607,2.063,Egypt
1834-02-01,13.906,2.262,Egypt
1834-03-01,18.312,2.262,Egypt
1834-04-01,22.04,2.31,Egypt
1834-05-01,27.213,2,Egypt
1834-06-01,28.78,2.488,Egypt
1834-07-01,29.58,2.025,Egypt
1834-08-01,29.14,1.905,Egypt
1834-09-01,27.469,2.446,Egypt
1834-10-01,23.172,1.935,Egypt
1834-11-01,19.284,2.296,Egypt
1834-12-01,14.302,2.175,Egypt
1835-01-01,13.936,2.103,Egypt
1835-02-01,14.849,2.191,Egypt
1835-03-01,17.567,2.2,Egypt
1835-04-01,21.673,2.356,Egypt
1835-05-01,25.625,2.01,Egypt
1835-06-01,28.588,2.156,Egypt
1835-07-01,28.315,2.193,Egypt
1835-08-01,28.303,1.917,Egypt
1835-09-01,25.548,1.975,Egypt
1835-10-01,23.523,2.105,Egypt
1835-11-01,17.677,1.948,Egypt
1835-12-01,12.628,2.015,Egypt
1836-01-01,12.277,1.964,Egypt
1836-02-01,14.583,2.001,Egypt
1836-03-01,18.818,2.043,Egypt
1836-04-01,21.584,1.883,Egypt
1836-05-01,25.863,2.117,Egypt
1836-06-01,28.728,1.927,Egypt
1836-07-01,29.29,2.129,Egypt
1836-08-01,28.357,2.046,Egypt
1836-09-01,27.122,2.209,Egypt
1836-10-01,23.839,3.247,Egypt
1836-11-01,18.031,2.212,Egypt
1836-12-01,14.819,2.112,Egypt
1837-01-01,13.434,2.301,Egypt
1837-02-01,14.464,2.038,Egypt
1837-03-01,17.229,2.096,Egypt
1837-04-01,21.207,2.015,Egypt
1837-05-01,25.498,1.99,Egypt
1837-06-01,28.286,2.046,Egypt
1837-07-01,29.644,2.035,Egypt
1837-08-01,28.893,2.028,Egypt
1837-09-01,27.401,1.843,Egypt
1837-10-01,22.121,2.505,Egypt
1837-11-01,17.769,2.586,Egypt
1837-12-01,13.804,3.115,Egypt
1838-01-01,11.273,2.242,Egypt
1838-02-01,14.11,1.911,Egypt
1838-03-01,17.101,2.015,Egypt
1838-04-01,21.761,2.009,Egypt
1838-05-01,25.325,1.843,Egypt
1838-06-01,28.651,1.987,Egypt
1838-07-01,29.995,2.866,Egypt
1838-08-01,29.222,2.675,Egypt
1838-09-01,27.176,1.899,Egypt
1838-10-01,23.038,3.058,Egypt
1838-11-01,18.96,2.18,Egypt
1838-12-01,13.882,2.52,Egypt
1839-01-01,12.843,1.971,Egypt
1839-02-01,15.142,2.033,Egypt
1839-03-01,15.65,1.863,Egypt
1839-04-01,21.895,2.068,Egypt
1839-05-01,25.395,1.858,Egypt
1839-06-01,,,Egypt
1839-07-01,,,Egypt
1839-08-01,30.216,2.217,Egypt
1839-09-01,27.088,2.07,Egypt
1839-10-01,23.483,2.031,Egypt
1839-11-01,17.912,2.248,Egypt
1839-12-01,13.412,2.186,Egypt
1840-01-01,13.399,2.122,Egypt
1840-02-01,14.147,2.076,Egypt
1840-03-01,16.64,1.787,Egypt
1840-04-01,21.458,2.676,Egypt
1840-05-01,26.861,1.846,Egypt
1840-06-01,29.035,1.9,Egypt
1840-07-01,30.996,1.846,Egypt
1840-08-01,29.414,1.787,Egypt
1840-09-01,27.283,1.859,Egypt
1840-10-01,23.261,2.184,Egypt
1840-11-01,18.127,2.596,Egypt
1840-12-01,13.847,1.857,Egypt
1841-01-01,12.679,2.37,Egypt
1841-02-01,15.619,1.97,Egypt
1841-03-01,16.356,2.519,Egypt
1841-04-01,21.254,2.003,Egypt
1841-05-01,25.857,1.849,Egypt
1841-06-01,29.095,1.836,Egypt
1841-07-01,31.114,2.021,Egypt
1841-08-01,29.798,2.022,Egypt
1841-09-01,27.339,1.894,Egypt
1841-10-01,24.323,1.982,Egypt
1841-11-01,18.228,1.847,Egypt
1841-12-01,14.507,2.046,Egypt
1842-01-01,13.447,1.99,Egypt
1842-02-01,14.205,1.917,Egypt
1842-03-01,18.615,2.29,Egypt
1842-04-01,22.867,2.378,Egypt
1842-05-01,25.873,1.946,Egypt
1842-06-01,28.741,1.902,Egypt
1842-07-01,29.79,1.862,Egypt
1842-08-01,28.939,1.993,Egypt
1842-09-01,27.357,2.005,Egypt
1842-10-01,23.846,2.061,Egypt
1842-11-01,19.377,1.983,Egypt
1842-12-01,15.032,2.083,Egypt
1843-01-01,13.759,1.928,Egypt
1843-02-01,15.891,1.876,Egypt
1843-03-01,18.477,1.583,Egypt
1843-04-01,22.131,1.822,Egypt
1843-05-01,25.816,1.475,Egypt
1843-06-01,28.359,1.79,Egypt
1843-07-01,30.348,2.04,Egypt
1843-08-01,29.269,2.073,Egypt
1843-09-01,27.089,1.481,Egypt
1843-10-01,23.815,1.983,Egypt
1843-11-01,18.415,1.529,Egypt
1843-12-01,13.898,2.374,Egypt
1844-01-01,12.768,1.649,Egypt
1844-02-01,14.142,1.95,Egypt
1844-03-01,18.671,2.177,Egypt
1844-04-01,21.44,1.731,Egypt
1844-05-01,25.657,1.88,Egypt
1844-06-01,28.816,1.691,Egypt
1844-07-01,30.298,1.695,Egypt
1844-08-01,29.311,2.403,Egypt
1844-09-01,26.827,1.867,Egypt
1844-10-01,23.98,1.85,Egypt
1844-11-01,18.42,1.606,Egypt
1844-12-01,14.078,1.895,Egypt
1845-01-01,12.966,1.981,Egypt
1845-02-01,15.002,2.858,Egypt
1845-03-01,19.498,1.796,Egypt
1845-04-01,22.19,1.967,Egypt
1845-05-01,26.047,2.077,Egypt
1845-06-01,28.589,1.807,Egypt
1845-07-01,30.407,1.871,Egypt
1845-08-01,29.926,1.853,Egypt
1845-09-01,27.201,1.831,Egypt
1845-10-01,23.217,1.825,Egypt
1845-11-01,18.185,1.797,Egypt
1845-12-01,13.373,2.354,Egypt
1846-01-01,14.441,2.07,Egypt
1846-02-01,14.787,1.905,Egypt
1846-03-01,19.698,2.013,Egypt
1846-04-01,22.247,1.948,Egypt
1846-05-01,26.877,2.047,Egypt
1846-06-01,29.381,1.96,Egypt
1846-07-01,30.907,2.151,Egypt
1846-08-01,30.272,2.013,Egypt
1846-09-01,27.67,1.97,Egypt
1846-10-01,23.887,1.801,Egypt
1846-11-01,18.223,1.88,Egypt
1846-12-01,16.14,1.914,Egypt
1847-01-01,13.758,4.204,Egypt
1847-02-01,15.41,1.932,Egypt
1847-03-01,17.486,2.609,Egypt
1847-04-01,22.76,1.917,Egypt
1847-05-01,26.493,1.818,Egypt
1847-06-01,29.14,2.237,Egypt
1847-07-01,30.734,2.119,Egypt
1847-08-01,29.516,1.907,Egypt
1847-09-01,27.797,1.963,Egypt
1847-10-01,23.677,1.763,Egypt
1847-11-01,19.104,1.835,Egypt
1847-12-01,13.514,2.131,Egypt
1848-01-01,13.083,2.153,Egypt
1848-02-01,15.419,1.929,Egypt
1848-03-01,17.839,1.787,Egypt
1848-04-01,21.96,1.883,Egypt
1848-05-01,25.807,1.9,Egypt
1848-06-01,29.588,1.932,Egypt
1848-07-01,30.3,2.052,Egypt
1848-08-01,29.244,1.889,Egypt
1848-09-01,26.553,1.829,Egypt
1848-10-01,24.127,1.745,Egypt
1848-11-01,18.79,1.75,Egypt
1848-12-01,13.338,2.001,Egypt
1849-01-01,12.854,1.798,Egypt
1849-02-01,13.705,1.964,Egypt
1849-03-01,18.606,2.043,Egypt
1849-04-01,22.334,1.905,Egypt
1849-05-01,25.648,1.807,Egypt
1849-06-01,29.248,1.917,Egypt
1849-07-01,29.916,1.764,Egypt
1849-08-01,29.575,1.806,Egypt
1849-09-01,27.724,1.812,Egypt
1849-10-01,24.2,1.769,Egypt
1849-11-01,19.262,2.004,Egypt
1849-12-01,13.85,1.805,Egypt
1850-01-01,12.508,1.853,Egypt
1850-02-01,14.369,1.802,Egypt
1850-03-01,17.803,2.602,Egypt
1850-04-01,21.676,1.904,Egypt
1850-05-01,24.897,1.762,Egypt
1850-06-01,28.495,1.712,Egypt
1850-07-01,30.361,1.812,Egypt
1850-08-01,29.847,1.75,Egypt
1850-09-01,27.11,1.76,Egypt
1850-10-01,23.739,1.842,Egypt
1850-11-01,17.593,2.071,Egypt
1850-12-01,13.306,1.914,Egypt
1851-01-01,13.509,1.722,Egypt
1851-02-01,14.437,1.788,Egypt
1851-03-01,17.91,1.841,Egypt
1851-04-01,21.984,1.898,Egypt
1851-05-01,27.517,1.777,Egypt
1851-06-01,28.808,1.876,Egypt
1851-07-01,30.467,2.002,Egypt
1851-08-01,29.882,1.924,Egypt
1851-09-01,27.443,1.775,Egypt
1851-10-01,23.914,2.052,Egypt
1851-11-01,18.939,1.949,Egypt
1851-12-01,13.497,2.592,Egypt
1852-01-01,13.136,2.126,Egypt
1852-02-01,14.631,1.741,Egypt
1852-03-01,17.278,1.827,Egypt
1852-04-01,21.804,1.935,Egypt
1852-05-01,26.837,1.82,Egypt
1852-06-01,28.936,1.753,Egypt
1852-07-01,30.266,1.956,Egypt
1852-08-01,29.39,1.826,Egypt
1852-09-01,27.571,1.769,Egypt
1852-10-01,24.686,1.755,Egypt
1852-11-01,18.438,1.907,Egypt
1852-12-01,14.923,2.087,Egypt
1853-01-01,13.153,1.812,Egypt
1853-02-01,15.134,1.784,Egypt
1853-03-01,18.415,1.911,Egypt
1853-04-01,22.34,1.808,Egypt
1853-05-01,26.79,1.725,Egypt
1853-06-01,29.344,1.755,Egypt
1853-07-01,30.935,1.687,Egypt
1853-08-01,30.124,1.734,Egypt
1853-09-01,28.091,1.73,Egypt
1853-10-01,24.267,1.793,Egypt
1853-11-01,18.953,2.062,Egypt
1853-12-01,15.608,1.908,Egypt
1854-01-01,13.149,1.929,Egypt
1854-02-01,13.309,2.012,Egypt
1854-03-01,17.08,1.927,Egypt
1854-04-01,21.626,1.76,Egypt
1854-05-01,26.531,1.741,Egypt
1854-06-01,29.09,1.935,Egypt
1854-07-01,30.221,1.909,Egypt
1854-08-01,29.665,1.903,Egypt
1854-09-01,26.965,1.923,Egypt
1854-10-01,24.508,2.143,Egypt
1854-11-01,19.132,1.917,Egypt
1854-12-01,14.599,2.491,Egypt
1855-01-01,13.38,2.038,Egypt
1855-02-01,16.179,1.965,Egypt
1855-03-01,18.715,1.835,Egypt
1855-04-01,22.583,1.931,Egypt
1855-05-01,27.363,1.901,Egypt
1855-06-01,28.692,2.074,Egypt
1855-07-01,29.687,1.811,Egypt
1855-08-01,28.863,2.012,Egypt
1855-09-01,26.817,1.81,Egypt
1855-10-01,23.599,1.985,Egypt
1855-11-01,19.3,1.795,Egypt
1855-12-01,14.51,2.217,Egypt
1856-01-01,13.336,1.854,Egypt
1856-02-01,13.799,1.879,Egypt
1856-03-01,16.806,1.883,Egypt
1856-04-01,21.816,1.912,Egypt
1856-05-01,26.155,1.925,Egypt
1856-06-01,29.438,1.974,Egypt
1856-07-01,29.842,1.844,Egypt
1856-08-01,29.371,1.844,Egypt
1856-09-01,27.332,1.949,Egypt
1856-10-01,22.841,1.759,Egypt
1856-11-01,18.065,1.861,Egypt
1856-12-01,14.028,2.08,Egypt
1857-01-01,13.367,1.944,Egypt
1857-02-01,14.69,1.982,Egypt
1857-03-01,17.573,1.896,Egypt
1857-04-01,21.386,1.831,Egypt
1857-05-01,25.474,1.748,Egypt
1857-06-01,27.814,1.748,Egypt
1857-07-01,29.372,1.89,Egypt
1857-08-01,28.804,1.746,Egypt
1857-09-01,26.588,1.664,Egypt
1857-10-01,23.299,1.729,Egypt
1857-11-01,18.485,1.723,Egypt
1857-12-01,13.495,1.707,Egypt
1858-01-01,12.869,2.197,Egypt
1858-02-01,14.04,1.825,Egypt
1858-03-01,18.901,1.764,Egypt
1858-04-01,22.817,1.687,Egypt
1858-05-01,27.123,1.655,Egypt
1858-06-01,28.337,1.785,Egypt
1858-07-01,29.243,1.874,Egypt
1858-08-01,29.351,1.651,Egypt
1858-09-01,26.351,1.593,Egypt
1858-10-01,24.116,1.664,Egypt
1858-11-01,20.755,1.693,Egypt
1858-12-01,13.806,1.799,Egypt
1859-01-01,11.458,1.858,Egypt
1859-02-01,13.79,1.864,Egypt
1859-03-01,18.442,1.637,Egypt
1859-04-01,23.549,1.632,Egypt
1859-05-01,27.791,1.569,Egypt
1859-06-01,29.111,1.658,Egypt
1859-07-01,28.98,1.632,Egypt
1859-08-01,29.111,1.699,Egypt
1859-09-01,27.003,1.586,Egypt
1859-10-01,24.315,1.692,Egypt
1859-11-01,19.295,1.869,Egypt
1859-12-01,15.146,1.928,Egypt
1860-01-01,12.903,1.71,Egypt
1860-02-01,14.847,1.611,Egypt
1860-03-01,17.949,2.017,Egypt
1860-04-01,23.511,1.842,Egypt
1860-05-01,26.458,1.644,Egypt
1860-06-01,30.206,1.592,Egypt
1860-07-01,30.728,1.624,Egypt
1860-08-01,30.621,1.642,Egypt
1860-09-01,28.85,1.662,Egypt
1860-10-01,24.526,1.788,Egypt
1860-11-01,18.095,1.649,Egypt
1860-12-01,13.932,1.803,Egypt
1861-01-01,12.122,1.868,Egypt
1861-02-01,14.103,2.112,Egypt
1861-03-01,17.493,1.526,Egypt
1861-04-01,21.948,1.942,Egypt
1861-05-01,25.09,1.861,Egypt
1861-06-01,29.595,1.656,Egypt
1861-07-01,29.622,1.557,Egypt
1861-08-01,29.657,1.457,Egypt
1861-09-01,26.865,2.106,Egypt
1861-10-01,23.001,1.892,Egypt
1861-11-01,18.686,1.395,Egypt
1861-12-01,12.687,1.895,Egypt
1862-01-01,11.94,1.482,Egypt
1862-02-01,13.932,1.814,Egypt
1862-03-01,17.97,1.538,Egypt
1862-04-01,22.658,1.6,Egypt
1862-05-01,26.785,1.449,Egypt
1862-06-01,29.463,1.508,Egypt
1862-07-01,29.283,1.65,Egypt
1862-08-01,28.633,1.558,Egypt
1862-09-01,26.089,1.817,Egypt
1862-10-01,21.967,1.726,Egypt
1862-11-01,18.399,2.297,Egypt
1862-12-01,12.625,1.593,Egypt
1863-01-01,12.472,2.204,Egypt
1863-02-01,12.707,2.288,Egypt
1863-03-01,18.599,1.48,Egypt
1863-04-01,21.364,1.966,Egypt
1863-05-01,27.324,1.459,Egypt
1863-06-01,28.841,1.49,Egypt
1863-07-01,30.1,1.891,Egypt
1863-08-01,29.249,1.754,Egypt
1863-09-01,27.618,1.774,Egypt
1863-10-01,23.971,1.482,Egypt
1863-11-01,19.347,1.602,Egypt
1863-12-01,13.817,1.601,Egypt
1864-01-01,11.752,1.855,Egypt
1864-02-01,15.463,2.056,Egypt
1864-03-01,19.454,1.617,Egypt
1864-04-01,21.762,1.482,Egypt
1864-05-01,26.774,1.427,Egypt
1864-06-01,28.812,1.527,Egypt
1864-07-01,30.049,1.369,Egypt
1864-08-01,29.195,1.515,Egypt
1864-09-01,27.208,1.568,Egypt
1864-10-01,25.396,1.604,Egypt
1864-11-01,20.862,1.774,Egypt
1864-12-01,14.425,1.634,Egypt
1865-01-01,14.828,1.32,Egypt
1865-02-01,15.16,1.416,Egypt
1865-03-01,19.799,1.32,Egypt
1865-04-01,21.737,1.573,Egypt
1865-05-01,25.973,1.544,Egypt
1865-06-01,30.036,1.601,Egypt
1865-07-01,29.822,1.557,Egypt
1865-08-01,30.121,1.681,Egypt
1865-09-01,26.85,1.702,Egypt
1865-10-01,25.264,1.548,Egypt
1865-11-01,19.348,1.837,Egypt
1865-12-01,14.559,1.446,Egypt
1866-01-01,13.177,1.404,Egypt
1866-02-01,15.178,1.539,Egypt
1866-03-01,19.34,1.372,Egypt
1866-04-01,22.861,1.509,Egypt
1866-05-01,27.469,1.381,Egypt
1866-06-01,28.064,1.274,Egypt
1866-07-01,30.943,1.436,Egypt
1866-08-01,29.709,1.4,Egypt
1866-09-01,27.906,1.297,Egypt
1866-10-01,24.141,1.296,Egypt
1866-11-01,18.501,1.443,Egypt
1866-12-01,15.187,1.638,Egypt
1867-01-01,13.535,1.803,Egypt
1867-02-01,14.261,1.508,Egypt
1867-03-01,20.065,1.448,Egypt
1867-04-01,23.122,1.541,Egypt
1867-05-01,26.602,1.369,Egypt
1867-06-01,29.457,1.309,Egypt
1867-07-01,29.107,1.4,Egypt
1867-08-01,29.974,1.592,Egypt
1867-09-01,28.259,1.314,Egypt
1867-10-01,25.004,1.356,Egypt
1867-11-01,19.613,1.92,Egypt
1867-12-01,14.265,1.978,Egypt
1868-01-01,13.283,1.39,Egypt
1868-02-01,12.977,1.871,Egypt
1868-03-01,18.049,1.361,Egypt
1868-04-01,21.093,1.612,Egypt
1868-05-01,27.911,1.564,Egypt
1868-06-01,29.22,1.361,Egypt
1868-07-01,30.036,1.28,Egypt
1868-08-01,29.637,1.343,Egypt
1868-09-01,27.363,1.322,Egypt
1868-10-01,26.166,2.73,Egypt
1868-11-01,17.495,1.601,Egypt
1868-12-01,14.213,1.508,Egypt
1869-01-01,13.303,1.663,Egypt
1869-02-01,15.083,1.561,Egypt
1869-03-01,18.315,1.38,Egypt
1869-04-01,21.538,1.673,Egypt
1869-05-01,27.202,1.315,Egypt
1869-06-01,30.71,1.391,Egypt
1869-07-01,29.994,1.235,Egypt
1869-08-01,30.324,1.321,Egypt
1869-09-01,28.08,1.14,Egypt
1869-10-01,23.73,2.177,Egypt
1869-11-01,19.097,1.209,Egypt
1869-12-01,15.276,1.599,Egypt
1870-01-01,14.262,1.548,Egypt
1870-02-01,15.271,1.597,Egypt
1870-03-01,19.238,1.26,Egypt
1870-04-01,21.27,1.791,Egypt
1870-05-01,27.827,1.174,Egypt
1870-06-01,29.28,1.266,Egypt
1870-07-01,30.365,1.188,Egypt
1870-08-01,30.057,1.143,Egypt
1870-09-01,27.604,1.271,Egypt
1870-10-01,23.168,1.304,Egypt
1870-11-01,19.086,1.865,Egypt
1870-12-01,14.134,1.563,Egypt
1871-01-01,13.311,1.608,Egypt
1871-02-01,13.314,1.754,Egypt
1871-03-01,17.54,1.182,Egypt
1871-04-01,22.598,1.242,Egypt
1871-05-01,26.949,1.336,Egypt
1871-06-01,28.597,1.362,Egypt
1871-07-01,29.453,1.417,Egypt
1871-08-01,29.588,1.396,Egypt
1871-09-01,27.339,1.163,Egypt
1871-10-01,23.984,1.454,Egypt
1871-11-01,18.692,1.251,Egypt
1871-12-01,15.198,1.516,Egypt
1872-01-01,13.147,1.673,Egypt
1872-02-01,14.784,1.559,Egypt
1872-03-01,19.24,1.311,Egypt
1872-04-01,22.075,1.984,Egypt
1872-05-01,26.221,1.442,Egypt
1872-06-01,29.144,1.641,Egypt
1872-07-01,29.725,1.323,Egypt
1872-08-01,29.509,1.252,Egypt
1872-09-01,28.1,1.243,Egypt
1872-10-01,24.217,1.242,Egypt
1872-11-01,19.25,1.307,Egypt
1872-12-01,14.747,2.004,Egypt
1873-01-01,13.405,1.61,Egypt
1873-02-01,15.411,1.408,Egypt
1873-03-01,18.835,1.191,Egypt
1873-04-01,23.439,1.464,Egypt
1873-05-01,27.229,1.482,Egypt
1873-06-01,28.745,1.312,Egypt
1873-07-01,29.594,1.161,Egypt
1873-08-01,29.749,1.243,Egypt
1873-09-01,27.671,1.31,Egypt
1873-10-01,24.054,1.15,Egypt
1873-11-01,19.508,1.238,Egypt
1873-12-01,14.483,1.312,Egypt
1874-01-01,13.188,1.634,Egypt
1874-02-01,13.628,1.296,Egypt
1874-03-01,15.935,1.252,Egypt
1874-04-01,22.76,1.124,Egypt
1874-05-01,27.197,1.353,Egypt
1874-06-01,28.475,1.342,Egypt
1874-07-01,29.734,1.125,Egypt
1874-08-01,29.152,1.436,Egypt
1874-09-01,27.643,1.226,Egypt
1874-10-01,24.233,1.165,Egypt
1874-11-01,19.889,1.506,Egypt
1874-12-01,15.03,1.737,Egypt
1875-01-01,11.073,1.189,Egypt
1875-02-01,14.254,1.196,Egypt
1875-03-01,17.365,1.203,Egypt
1875-04-01,21.053,1.234,Egypt
1875-05-01,25.326,1.137,Egypt
1875-06-01,29.131,1.354,Egypt
1875-07-01,29.873,1.152,Egypt
1875-08-01,29.166,1.283,Egypt
1875-09-01,26.177,1.238,Egypt
1875-10-01,23.111,1.138,Egypt
1875-11-01,17.607,1.23,Egypt
1875-12-01,14.129,1.152,Egypt
1876-01-01,12.677,1.228,Egypt
1876-02-01,14.697,1.183,Egypt
1876-03-01,18.417,1.8,Egypt
1876-04-01,23.123,1.292,Egypt
1876-05-01,26.899,1.438,Egypt
1876-06-01,29.06,1.253,Egypt
1876-07-01,29.163,1.274,Egypt
1876-08-01,29.031,1.371,Egypt
1876-09-01,28.012,1.799,Egypt
1876-10-01,24.17,1.429,Egypt
1876-11-01,18.655,1.174,Egypt
1876-12-01,14.321,1.333,Egypt
1877-01-01,12.67,1.394,Egypt
1877-02-01,14.83,1.403,Egypt
1877-03-01,18.896,1.259,Egypt
1877-04-01,23.422,1.489,Egypt
1877-05-01,27.407,1.277,Egypt
1877-06-01,29.223,1.832,Egypt
1877-07-01,30.029,1.839,Egypt
1877-08-01,29.315,1.914,Egypt
1877-09-01,28.029,2.191,Egypt
1877-10-01,24.698,1.42,Egypt
1877-11-01,18.917,1.458,Egypt
1877-12-01,14.862,2.179,Egypt
1878-01-01,12.241,1.455,Egypt
1878-02-01,13.55,1.336,Egypt
1878-03-01,18.401,1.235,Egypt
1878-04-01,23.493,1.381,Egypt
1878-05-01,26.476,1.492,Egypt
1878-06-01,29.656,1.123,Egypt
1878-07-01,30.484,1.545,Egypt
1878-08-01,30.762,1.395,Egypt
1878-09-01,28.449,1.495,Egypt
1878-10-01,24.089,1.094,Egypt
1878-11-01,21.169,1.661,Egypt
1878-12-01,16.144,1.324,Egypt
1879-01-01,13.629,1.296,Egypt
1879-02-01,15.833,1.189,Egypt
1879-03-01,18.323,1.09,Egypt
1879-04-01,23.303,1.191,Egypt
1879-05-01,26.282,1.3,Egypt
1879-06-01,29.6,1.355,Egypt
1879-07-01,30.222,1.82,Egypt
1879-08-01,29.615,1.105,Egypt
1879-09-01,28.112,1.196,Egypt
1879-10-01,23.867,1.152,Egypt
1879-11-01,18.525,1.126,Egypt
1879-12-01,14.662,1.386,Egypt
1880-01-01,11.505,1.277,Egypt
1880-02-01,15.142,1.115,Egypt
1880-03-01,17.386,1.175,Egypt
1880-04-01,22.623,1.449,Egypt
1880-05-01,26.969,1.199,Egypt
1880-06-01,29.634,1.083,Egypt
1880-07-01,30.601,1.278,Egypt
1880-08-01,30.324,1.107,Egypt
1880-09-01,28.389,1.28,Egypt
1880-10-01,24.88,1.222,Egypt
1880-11-01,20.177,1.829,Egypt
1880-12-01,13.937,1.259,Egypt
1881-01-01,15.258,1.099,Egypt
1881-02-01,15.228,1.101,Egypt
1881-03-01,18.482,1.411,Egypt
1881-04-01,24.363,1.136,Egypt
1881-05-01,26.399,1.065,Egypt
1881-06-01,29.314,1.351,Egypt
1881-07-01,30.049,1.223,Egypt
1881-08-01,29.932,1.355,Egypt
1881-09-01,28.384,0.976,Egypt
1881-10-01,24.47,1.009,Egypt
1881-11-01,18.912,1.055,Egypt
1881-12-01,14.364,1.095,Egypt
1882-01-01,12.709,1.442,Egypt
1882-02-01,13.44,1.27,Egypt
1882-03-01,18.028,1.448,Egypt
1882-04-01,22.121,1.208,Egypt
1882-05-01,25.642,1.092,Egypt
1882-06-01,28.108,1.123,Egypt
1882-07-01,29.554,1.101,Egypt
1882-08-01,29.57,1.087,Egypt
1882-09-01,28.443,1.311,Egypt
1882-10-01,23.363,1.074,Egypt
1882-11-01,17.977,0.976,Egypt
1882-12-01,13.879,0.971,Egypt
1883-01-01,13.087,1.046,Egypt
1883-02-01,13.565,1.572,Egypt
1883-03-01,18.39,1.068,Egypt
1883-04-01,21.816,1.076,Egypt
1883-05-01,25.672,0.938,Egypt
1883-06-01,29.354,1.071,Egypt
1883-07-01,29.488,0.999,Egypt
1883-08-01,29.341,1.036,Egypt
1883-09-01,27.971,1.058,Egypt
1883-10-01,24.14,0.953,Egypt
1883-11-01,18.507,1.095,Egypt
1883-12-01,13.729,1.049,Egypt
1884-01-01,11.418,1.058,Egypt
1884-02-01,13.438,1.016,Egypt
1884-03-01,17.221,1.08,Egypt
1884-04-01,23.144,1.116,Egypt
1884-05-01,25.785,0.989,Egypt
1884-06-01,29.55,1.158,Egypt
1884-07-01,29.084,0.989,Egypt
1884-08-01,29.245,1.03,Egypt
1884-09-01,26.739,1.025,Egypt
1884-10-01,23.28,0.999,Egypt
1884-11-01,17.629,1.033,Egypt
1884-12-01,14.24,1.281,Egypt
1885-01-01,12.691,1.086,Egypt
1885-02-01,14.688,1.057,Egypt
1885-03-01,18.355,1,Egypt
1885-04-01,21.89,0.972,Egypt
1885-05-01,26.826,0.956,Egypt
1885-06-01,28.57,1.117,Egypt
1885-07-01,29.752,1.069,Egypt
1885-08-01,29.809,1.093,Egypt
1885-09-01,27.317,0.925,Egypt
1885-10-01,23.821,0.921,Egypt
1885-11-01,18.707,1.11,Egypt
1885-12-01,14.678,1.146,Egypt
1886-01-01,12.676,1.184,Egypt
1886-02-01,14.621,1.142,Egypt
1886-03-01,17.282,0.862,Egypt
1886-04-01,22.169,1.161,Egypt
1886-05-01,25.299,1.019,Egypt
1886-06-01,29.309,1.154,Egypt
1886-07-01,29.499,1.008,Egypt
1886-08-01,29.41,0.961,Egypt
1886-09-01,27.615,0.936,Egypt
1886-10-01,23.808,1.105,Egypt
1886-11-01,17.661,1.092,Egypt
1886-12-01,13.877,1.083,Egypt
1887-01-01,11.911,1.188,Egypt
1887-02-01,14.381,1.336,Egypt
1887-03-01,17.791,1.111,Egypt
1887-04-01,23.131,1.006,Egypt
1887-05-01,26.429,0.88,Egypt
1887-06-01,29.096,0.863,Egypt
1887-07-01,29.916,0.974,Egypt
1887-08-01,29.892,0.999,Egypt
1887-09-01,28.158,0.958,Egypt
1887-10-01,25.694,1.021,Egypt
1887-11-01,18.837,0.936,Egypt
1887-12-01,14.246,1.093,Egypt
1888-01-01,12.208,1.16,Egypt
1888-02-01,14.75,1.117,Egypt
1888-03-01,19.178,1.033,Egypt
1888-04-01,22.505,0.998,Egypt
1888-05-01,25.69,0.954,Egypt
1888-06-01,28.627,0.88,Egypt
1888-07-01,31.056,0.966,Egypt
1888-08-01,29.548,0.887,Egypt
1888-09-01,27.616,0.906,Egypt
1888-10-01,24.544,0.978,Egypt
1888-11-01,17.706,1.002,Egypt
1888-12-01,13.638,0.878,Egypt
1889-01-01,13.503,1.184,Egypt
1889-02-01,15.422,1.058,Egypt
1889-03-01,18.913,1.126,Egypt
1889-04-01,22.418,0.875,Egypt
1889-05-01,27.092,1.001,Egypt
1889-06-01,29.236,0.884,Egypt
1889-07-01,30.42,0.949,Egypt
1889-08-01,29.694,1.219,Egypt
1889-09-01,27.331,1.052,Egypt
1889-10-01,24.62,0.943,Egypt
1889-11-01,17.338,1.039,Egypt
1889-12-01,13.755,1.302,Egypt
1890-01-01,11.968,0.884,Egypt
1890-02-01,15.318,1.07,Egypt
1890-03-01,18.627,1.366,Egypt
1890-04-01,23.218,0.982,Egypt
1890-05-01,27.163,1,Egypt
1890-06-01,29.192,1.099,Egypt
1890-07-01,30.462,0.917,Egypt
1890-08-01,30.228,0.886,Egypt
1890-09-01,27.228,1.038,Egypt
1890-10-01,23.767,0.929,Egypt
1890-11-01,18.542,0.857,Egypt
1890-12-01,14.825,1.042,Egypt
1891-01-01,12.601,1.004,Egypt
1891-02-01,13.726,0.982,Egypt
1891-03-01,18.62,1.212,Egypt
1891-04-01,22.983,0.784,Egypt
1891-05-01,27.158,0.81,Egypt
1891-06-01,28.939,0.84,Egypt
1891-07-01,30.427,0.823,Egypt
1891-08-01,30.347,0.808,Egypt
1891-09-01,27.963,0.828,Egypt
1891-10-01,24.369,0.817,Egypt
1891-11-01,18.785,0.949,Egypt
1891-12-01,14.531,0.854,Egypt
1892-01-01,13.516,0.875,Egypt
1892-02-01,15.684,0.857,Egypt
1892-03-01,18.417,1.241,Egypt
1892-04-01,23.175,0.849,Egypt
1892-05-01,26.149,0.914,Egypt
1892-06-01,28.687,0.79,Egypt
1892-07-01,29.888,0.825,Egypt
1892-08-01,29.595,0.87,Egypt
1892-09-01,28.183,0.808,Egypt
1892-10-01,24.966,0.955,Egypt
1892-11-01,18.623,0.934,Egypt
1892-12-01,14.271,1.16,Egypt
1893-01-01,12.583,0.916,Egypt
1893-02-01,13.496,0.901,Egypt
1893-03-01,16.721,0.947,Egypt
1893-04-01,20.96,0.902,Egypt
1893-05-01,25.566,0.925,Egypt
1893-06-01,28.969,1.071,Egypt
1893-07-01,30.55,0.93,Egypt
1893-08-01,29.477,0.962,Egypt
1893-09-01,27.571,0.897,Egypt
1893-10-01,24.061,0.938,Egypt
1893-11-01,19.939,1.069,Egypt
1893-12-01,14.674,1.002,Egypt
1894-01-01,12.933,0.972,Egypt
1894-02-01,14.289,0.963,Egypt
1894-03-01,18.212,1.068,Egypt
1894-04-01,21.627,0.958,Egypt
1894-05-01,26.379,0.909,Egypt
1894-06-01,29.096,0.933,Egypt
1894-07-01,29.506,0.848,Egypt
1894-08-01,29.264,0.872,Egypt
1894-09-01,27.796,0.803,Egypt
1894-10-01,25.078,0.831,Egypt
1894-11-01,18.847,1.148,Egypt
1894-12-01,14.308,0.809,Egypt
1895-01-01,12.561,0.981,Egypt
1895-02-01,15.77,0.952,Egypt
1895-03-01,18.142,0.822,Egypt
1895-04-01,22.87,1.075,Egypt
1895-05-01,27.1,0.847,Egypt
1895-06-01,28.669,0.859,Egypt
1895-07-01,29.807,1.034,Egypt
1895-08-01,29.618,0.888,Egypt
1895-09-01,26.987,1.145,Egypt
1895-10-01,23.247,0.856,Egypt
1895-11-01,18.644,0.997,Egypt
1895-12-01,14.516,0.908,Egypt
1896-01-01,12.64,0.892,Egypt
1896-02-01,14.394,1.047,Egypt
1896-03-01,17.951,0.863,Egypt
1896-04-01,21.902,1.027,Egypt
1896-05-01,26.615,0.845,Egypt
1896-06-01,29.001,0.903,Egypt
1896-07-01,30.292,0.923,Egypt
1896-08-01,30.387,0.919,Egypt
1896-09-01,27.816,1.04,Egypt
1896-10-01,24.686,0.95,Egypt
1896-11-01,19.702,0.844,Egypt
1896-12-01,14.915,1.059,Egypt
1897-01-01,13.548,1.052,Egypt
1897-02-01,14.553,0.913,Egypt
1897-03-01,17.949,0.837,Egypt
1897-04-01,22.464,0.83,Egypt
1897-05-01,26.78,0.859,Egypt
1897-06-01,28.645,1.006,Egypt
1897-07-01,30.585,0.829,Egypt
1897-08-01,29.458,0.928,Egypt
1897-09-01,28.504,0.796,Egypt
1897-10-01,24.009,0.829,Egypt
1897-11-01,17.074,0.99,Egypt
1897-12-01,13.313,0.929,Egypt
1898-01-01,12.068,0.911,Egypt
1898-02-01,14.22,0.733,Egypt
1898-03-01,18.17,0.913,Egypt
1898-04-01,23.291,0.904,Egypt
1898-05-01,26.62,0.836,Egypt
1898-06-01,29.421,0.965,Egypt
1898-07-01,30.501,0.99,Egypt
1898-08-01,29.556,0.88,Egypt
1898-09-01,27.629,1.001,Egypt
1898-10-01,25.37,0.851,Egypt
1898-11-01,19.441,0.956,Egypt
1898-12-01,14.21,1.061,Egypt
1899-01-01,13.018,0.871,Egypt
1899-02-01,14.654,0.903,Egypt
1899-03-01,18.263,0.986,Egypt
1899-04-01,22.255,0.961,Egypt
1899-05-01,26.846,0.964,Egypt
1899-06-01,29.148,0.902,Egypt
1899-07-01,29.927,0.949,Egypt
1899-08-01,29.816,0.888,Egypt
1899-09-01,28.697,0.897,Egypt
1899-10-01,24.112,0.814,Egypt
1899-11-01,18.825,0.876,Egypt
1899-12-01,14.203,0.755,Egypt
1/1/1900,13.292,1.097,Egypt
2/1/1900,15.565,0.729,Egypt
3/1/1900,19.319,0.826,Egypt
4/1/1900,23.118,0.904,Egypt
5/1/1900,27.24,1.116,Egypt
6/1/1900,28.931,0.826,Egypt
7/1/1900,30.149,0.823,Egypt
8/1/1900,30.208,0.788,Egypt
9/1/1900,27.008,0.893,Egypt
10/1/1900,24.452,0.832,Egypt
11/1/1900,19.483,0.864,Egypt
12/1/1900,14.808,0.801,Egypt
1/1/1901,13.159,0.593,Egypt
2/1/1901,17.231,2.148,Egypt
3/1/1901,20.476,0.916,Egypt
4/1/1901,23.39,0.847,Egypt
5/1/1901,26.015,0.895,Egypt
6/1/1901,29.366,0.822,Egypt
7/1/1901,30.446,1.314,Egypt
8/1/1901,30.02,1.264,Egypt
9/1/1901,28.076,1.483,Egypt
10/1/1901,25.207,0.791,Egypt
11/1/1901,19.494,0.712,Egypt
12/1/1901,15.299,1.528,Egypt
1/1/1902,12.627,0.655,Egypt
2/1/1902,16.987,1.495,Egypt
3/1/1902,18.576,0.655,Egypt
4/1/1902,22.77,0.743,Egypt
5/1/1902,27.252,0.665,Egypt
6/1/1902,28.635,0.554,Egypt
7/1/1902,29.566,0.526,Egypt
8/1/1902,29.861,0.645,Egypt
9/1/1902,28.445,0.733,Egypt
10/1/1902,24.99,0.881,Egypt
11/1/1902,18.337,0.761,Egypt
12/1/1902,13.453,0.852,Egypt
1/1/1903,12.712,0.817,Egypt
2/1/1903,13.769,0.772,Egypt
3/1/1903,17.137,0.846,Egypt
4/1/1903,22.937,0.729,Egypt
5/1/1903,27.196,0.876,Egypt
6/1/1903,28.644,0.755,Egypt
7/1/1903,29.15,0.6,Egypt
8/1/1903,29.7,0.553,Egypt
9/1/1903,27.041,0.634,Egypt
10/1/1903,23.339,0.84,Egypt
11/1/1903,17.709,1.017,Egypt
12/1/1903,15.299,1.598,Egypt
1/1/1904,13.569,1.047,Egypt
2/1/1904,15.288,0.716,Egypt
3/1/1904,18.048,0.921,Egypt
4/1/1904,21.537,0.631,Egypt
5/1/1904,25.334,0.751,Egypt
6/1/1904,28.08,0.573,Egypt
7/1/1904,29.491,0.659,Egypt
8/1/1904,29.175,0.901,Egypt
9/1/1904,27.558,0.567,Egypt
10/1/1904,24.78,0.503,Egypt
11/1/1904,17.856,1.334,Egypt
12/1/1904,12.928,0.745,Egypt
1/1/1905,12.09,0.823,Egypt
2/1/1905,12.574,0.855,Egypt
3/1/1905,16.756,0.754,Egypt
4/1/1905,22.375,0.8,Egypt
5/1/1905,26.973,0.7,Egypt
6/1/1905,29.363,0.91,Egypt
7/1/1905,29.979,0.944,Egypt
8/1/1905,30.113,0.606,Egypt
9/1/1905,28.52,0.598,Egypt
10/1/1905,25.384,0.603,Egypt
11/1/1905,20.628,0.45,Egypt
12/1/1905,13.931,0.612,Egypt
1/1/1906,13.271,0.661,Egypt
2/1/1906,14.822,0.568,Egypt
3/1/1906,18.427,0.623,Egypt
4/1/1906,22.678,0.732,Egypt
5/1/1906,26.401,0.943,Egypt
6/1/1906,29.602,0.859,Egypt
7/1/1906,30.055,0.655,Egypt
8/1/1906,29.952,0.68,Egypt
9/1/1906,27.428,0.466,Egypt
10/1/1906,24.656,0.893,Egypt
11/1/1906,19.875,1.222,Egypt
12/1/1906,15.909,0.768,Egypt
1/1/1907,13.425,0.635,Egypt
2/1/1907,14.771,0.754,Egypt
3/1/1907,16.35,0.529,Egypt
4/1/1907,22.089,0.665,Egypt
5/1/1907,25.993,0.498,Egypt
6/1/1907,28.45,0.509,Egypt
7/1/1907,29.753,0.464,Egypt
8/1/1907,29.827,0.419,Egypt
9/1/1907,27.077,0.42,Egypt
10/1/1907,23.373,0.484,Egypt
11/1/1907,18.053,0.589,Egypt
12/1/1907,14.082,0.633,Egypt
1/1/1908,13.349,0.563,Egypt
2/1/1908,14.476,0.665,Egypt
3/1/1908,18.214,0.738,Egypt
4/1/1908,22.836,0.561,Egypt
5/1/1908,26.489,0.475,Egypt
6/1/1908,28.955,0.455,Egypt
7/1/1908,29.275,0.509,Egypt
8/1/1908,29.303,0.507,Egypt
9/1/1908,27.178,0.417,Egypt
10/1/1908,23.414,0.804,Egypt
11/1/1908,17.476,0.533,Egypt
12/1/1908,12.867,0.624,Egypt
1/1/1909,12.998,0.547,Egypt
2/1/1909,14.801,0.444,Egypt
3/1/1909,19.651,0.862,Egypt
4/1/1909,21.19,0.59,Egypt
5/1/1909,28.185,0.58,Egypt
6/1/1909,29.532,0.585,Egypt
7/1/1909,30.179,0.507,Egypt
8/1/1909,30.107,0.494,Egypt
9/1/1909,28.348,0.61,Egypt
10/1/1909,24.132,0.8,Egypt
11/1/1909,20.043,0.689,Egypt
12/1/1909,15.772,0.582,Egypt
1/1/1910,12.775,0.657,Egypt
2/1/1910,15.053,0.436,Egypt
3/1/1910,15.745,0.579,Egypt
4/1/1910,23.315,0.64,Egypt
5/1/1910,26.536,0.655,Egypt
6/1/1910,28.552,1.053,Egypt
7/1/1910,29.906,0.587,Egypt
8/1/1910,29.687,0.44,Egypt
9/1/1910,27.802,0.716,Egypt
10/1/1910,22.983,0.515,Egypt
11/1/1910,18.25,0.999,Egypt
12/1/1910,13.854,0.516,Egypt
1/1/1911,13.536,0.474,Egypt
2/1/1911,13.014,0.691,Egypt
3/1/1911,17.352,0.574,Egypt
4/1/1911,22.461,0.495,Egypt
5/1/1911,26.908,0.56,Egypt
6/1/1911,28.668,0.514,Egypt
7/1/1911,29.65,0.462,Egypt
8/1/1911,29.443,0.606,Egypt
9/1/1911,27.314,0.484,Egypt
10/1/1911,24,0.542,Egypt
11/1/1911,19.22,0.44,Egypt
12/1/1911,14.642,0.817,Egypt
1/1/1912,12.541,0.721,Egypt
2/1/1912,15.322,0.72,Egypt
3/1/1912,17.936,0.612,Egypt
4/1/1912,22.394,0.492,Egypt
5/1/1912,25.134,0.657,Egypt
6/1/1912,28.825,0.722,Egypt
7/1/1912,29.227,0.427,Egypt
8/1/1912,29.135,0.818,Egypt
9/1/1912,27.524,0.76,Egypt
10/1/1912,23.611,0.814,Egypt
11/1/1912,18.538,0.542,Egypt
12/1/1912,13.813,0.358,Egypt
1/1/1913,12.98,0.355,Egypt
2/1/1913,14.001,0.418,Egypt
3/1/1913,16.614,0.461,Egypt
4/1/1913,23.061,0.643,Egypt
5/1/1913,25.1,0.568,Egypt
6/1/1913,27.669,0.929,Egypt
7/1/1913,29.609,0.754,Egypt
8/1/1913,29.656,0.957,Egypt
9/1/1913,28.103,0.484,Egypt
10/1/1913,23.759,0.54,Egypt
11/1/1913,17.814,0.592,Egypt
12/1/1913,13.078,0.632,Egypt
1/1/1914,13.671,0.85,Egypt
2/1/1914,14.98,0.474,Egypt
3/1/1914,19.273,0.547,Egypt
4/1/1914,20.417,0.419,Egypt
5/1/1914,26.421,0.463,Egypt
6/1/1914,29.561,0.606,Egypt
7/1/1914,29.507,0.564,Egypt
8/1/1914,30.159,0.446,Egypt
9/1/1914,27.593,0.435,Egypt
10/1/1914,23.897,0.763,Egypt
11/1/1914,19.74,0.54,Egypt
12/1/1914,14.894,0.623,Egypt
1/1/1915,14.873,0.576,Egypt
2/1/1915,16.212,0.773,Egypt
3/1/1915,19.194,0.845,Egypt
4/1/1915,22.751,0.414,Egypt
5/1/1915,26.117,0.587,Egypt
6/1/1915,30.193,0.522,Egypt
7/1/1915,30.34,0.679,Egypt
8/1/1915,30.248,0.482,Egypt
9/1/1915,27.574,0.447,Egypt
10/1/1915,24.683,0.608,Egypt
11/1/1915,19.795,0.634,Egypt
12/1/1915,15.755,0.584,Egypt
1/1/1916,12.429,1.128,Egypt
2/1/1916,15.731,0.656,Egypt
3/1/1916,20.375,0.917,Egypt
4/1/1916,23.328,0.55,Egypt
5/1/1916,27.284,0.556,Egypt
6/1/1916,30.704,0.494,Egypt
7/1/1916,30.965,0.446,Egypt
8/1/1916,29.648,0.414,Egypt
9/1/1916,27.418,0.535,Egypt
10/1/1916,22.91,0.49,Egypt
11/1/1916,20.374,0.643,Egypt
12/1/1916,15.976,0.752,Egypt
1/1/1917,14.461,0.73,Egypt
2/1/1917,15.601,0.706,Egypt
3/1/1917,19.145,0.718,Egypt
4/1/1917,23.304,0.496,Egypt
5/1/1917,24.829,0.414,Egypt
6/1/1917,28.038,0.728,Egypt
7/1/1917,29.361,0.939,Egypt
8/1/1917,29.766,0.77,Egypt
9/1/1917,26.642,0.725,Egypt
10/1/1917,22.87,0.668,Egypt
11/1/1917,20.553,0.685,Egypt
12/1/1917,14.127,0.734,Egypt
1/1/1918,12.603,0.557,Egypt
2/1/1918,14.78,0.529,Egypt
3/1/1918,18.649,0.384,Egypt
4/1/1918,22.317,0.457,Egypt
5/1/1918,26.359,0.544,Egypt
6/1/1918,29.073,0.473,Egypt
7/1/1918,30.558,0.515,Egypt
8/1/1918,29.232,0.519,Egypt
9/1/1918,28.034,0.675,Egypt
10/1/1918,25.826,0.475,Egypt
11/1/1918,20.468,0.64,Egypt
12/1/1918,14.775,0.553,Egypt
1/1/1919,14.797,0.393,Egypt
2/1/1919,16.591,0.545,Egypt
3/1/1919,20.31,0.589,Egypt
4/1/1919,22.775,0.723,Egypt
5/1/1919,25.099,0.515,Egypt
6/1/1919,27.905,0.529,Egypt
7/1/1919,30.312,0.421,Egypt
8/1/1919,29.062,0.506,Egypt
9/1/1919,27.844,0.426,Egypt
10/1/1919,25.403,0.525,Egypt
11/1/1919,19.945,0.56,Egypt
12/1/1919,13.924,0.514,Egypt
1/1/1920,13.229,0.703,Egypt
2/1/1920,12.783,0.76,Egypt
3/1/1920,17.449,0.477,Egypt
4/1/1920,22.952,0.721,Egypt
5/1/1920,25.545,0.45,Egypt
6/1/1920,29.174,0.431,Egypt
7/1/1920,29.787,0.465,Egypt
8/1/1920,30.805,0.441,Egypt
9/1/1920,27.059,0.429,Egypt
10/1/1920,24.068,0.551,Egypt
11/1/1920,18.414,0.352,Egypt
12/1/1920,13.808,0.577,Egypt
1/1/1921,13.406,0.74,Egypt
2/1/1921,13.967,0.411,Egypt
3/1/1921,16.522,0.512,Egypt
4/1/1921,23.488,0.516,Egypt
5/1/1921,26.397,0.685,Egypt
6/1/1921,29.155,0.515,Egypt
7/1/1921,30.481,0.693,Egypt
8/1/1921,30.924,0.801,Egypt
9/1/1921,26.948,0.378,Egypt
10/1/1921,23.42,0.453,Egypt
11/1/1921,18.648,0.403,Egypt
12/1/1921,14.857,0.352,Egypt
1/1/1922,13.459,0.757,Egypt
2/1/1922,15.141,0.45,Egypt
3/1/1922,18.343,0.483,Egypt
4/1/1922,23.168,0.399,Egypt
5/1/1922,25.84,0.472,Egypt
6/1/1922,28.935,0.554,Egypt
7/1/1922,30.283,0.487,Egypt
8/1/1922,30.127,0.471,Egypt
9/1/1922,28.224,0.46,Egypt
10/1/1922,25.076,0.826,Egypt
11/1/1922,20.385,0.613,Egypt
12/1/1922,13.431,0.455,Egypt
1/1/1923,14.359,0.74,Egypt
2/1/1923,14.88,0.52,Egypt
3/1/1923,17.93,0.49,Egypt
4/1/1923,21.819,0.58,Egypt
5/1/1923,26.508,0.396,Egypt
6/1/1923,30.381,0.521,Egypt
7/1/1923,29.443,0.4,Egypt
8/1/1923,29.828,0.46,Egypt
9/1/1923,27.793,0.432,Egypt
10/1/1923,23.835,0.354,Egypt
11/1/1923,20.134,0.432,Egypt
12/1/1923,15.13,0.628,Egypt
1/1/1924,13.096,0.43,Egypt
2/1/1924,16.511,0.606,Egypt
3/1/1924,19.198,0.684,Egypt
4/1/1924,23.638,0.405,Egypt
5/1/1924,25.847,0.661,Egypt
6/1/1924,29.894,0.419,Egypt
7/1/1924,30.573,0.518,Egypt
8/1/1924,30.437,0.407,Egypt
9/1/1924,28.485,0.452,Egypt
10/1/1924,24.559,0.526,Egypt
11/1/1924,18.436,0.774,Egypt
12/1/1924,14.668,0.447,Egypt
1/1/1925,11.544,0.748,Egypt
2/1/1925,14.018,0.507,Egypt
3/1/1925,20.155,0.551,Egypt
4/1/1925,22.237,0.412,Egypt
5/1/1925,26.8,0.367,Egypt
6/1/1925,29.314,0.387,Egypt
7/1/1925,30.168,0.462,Egypt
8/1/1925,29.836,0.385,Egypt
9/1/1925,28.152,0.576,Egypt
10/1/1925,25.122,0.429,Egypt
11/1/1925,20.659,0.442,Egypt
12/1/1925,15.71,0.389,Egypt
1/1/1926,13.544,0.5,Egypt
2/1/1926,15.042,0.424,Egypt
3/1/1926,17.845,0.36,Egypt
4/1/1926,22.684,0.781,Egypt
5/1/1926,28.279,0.567,Egypt
6/1/1926,29.983,0.53,Egypt
7/1/1926,29.44,0.375,Egypt
8/1/1926,28.961,0.392,Egypt
9/1/1926,26.444,0.391,Egypt
10/1/1926,23.73,0.448,Egypt
11/1/1926,19.721,0.443,Egypt
12/1/1926,14.532,0.383,Egypt
1/1/1927,13.641,0.559,Egypt
2/1/1927,13.351,0.382,Egypt
3/1/1927,18.362,0.417,Egypt
4/1/1927,21.292,0.371,Egypt
5/1/1927,27.355,0.381,Egypt
6/1/1927,29.317,0.498,Egypt
7/1/1927,30.983,0.37,Egypt
8/1/1927,30.412,0.394,Egypt
9/1/1927,28.147,0.406,Egypt
10/1/1927,26.007,0.468,Egypt
11/1/1927,20.476,0.422,Egypt
12/1/1927,16.33,0.674,Egypt
1/1/1928,15.501,0.504,Egypt
2/1/1928,14.599,0.477,Egypt
3/1/1928,18.455,0.859,Egypt
4/1/1928,24.272,0.463,Egypt
5/1/1928,28.737,0.879,Egypt
6/1/1928,28.833,0.483,Egypt
7/1/1928,29.714,0.35,Egypt
8/1/1928,30.58,0.481,Egypt
9/1/1928,28.814,0.515,Egypt
10/1/1928,24.347,0.331,Egypt
11/1/1928,19.48,0.386,Egypt
12/1/1928,14.983,0.559,Egypt
1/1/1929,12.698,0.547,Egypt
2/1/1929,14.373,0.622,Egypt
3/1/1929,17.482,0.439,Egypt
4/1/1929,22.13,0.54,Egypt
5/1/1929,29.049,0.557,Egypt
6/1/1929,29.357,0.492,Egypt
7/1/1929,29.384,0.664,Egypt
8/1/1929,30.186,0.466,Egypt
9/1/1929,28.739,0.517,Egypt
10/1/1929,23.431,0.339,Egypt
11/1/1929,20.21,0.59,Egypt
12/1/1929,13.593,0.501,Egypt
1/1/1930,13.123,0.589,Egypt
2/1/1930,14.974,0.318,Egypt
3/1/1930,18.412,0.444,Egypt
4/1/1930,23.444,0.403,Egypt
5/1/1930,26.9,0.399,Egypt
6/1/1930,29.847,0.719,Egypt
7/1/1930,30.507,0.514,Egypt
8/1/1930,30.25,0.387,Egypt
9/1/1930,28.16,0.341,Egypt
10/1/1930,24.526,0.328,Egypt
11/1/1930,18.836,0.443,Egypt
12/1/1930,16.963,0.462,Egypt
1/1/1931,14.533,0.585,Egypt
2/1/1931,14.874,0.556,Egypt
3/1/1931,19.306,0.559,Egypt
4/1/1931,22.943,0.516,Egypt
5/1/1931,26.309,0.377,Egypt
6/1/1931,29.09,0.347,Egypt
7/1/1931,30.77,0.429,Egypt
8/1/1931,30.993,0.705,Egypt
9/1/1931,29.09,0.452,Egypt
10/1/1931,24.804,0.52,Egypt
11/1/1931,18.928,0.277,Egypt
12/1/1931,14.79,0.392,Egypt
1/1/1932,13.216,0.513,Egypt
2/1/1932,15.171,0.369,Egypt
3/1/1932,18.734,0.478,Egypt
4/1/1932,22.225,0.532,Egypt
5/1/1932,25.057,0.696,Egypt
6/1/1932,29.544,0.571,Egypt
7/1/1932,30.536,0.452,Egypt
8/1/1932,29.915,0.411,Egypt
9/1/1932,27.835,0.378,Egypt
10/1/1932,26.013,0.397,Egypt
11/1/1932,19.493,0.45,Egypt
12/1/1932,14.361,0.508,Egypt
1/1/1933,13.779,0.425,Egypt
2/1/1933,16.45,0.744,Egypt
3/1/1933,18.884,0.589,Egypt
4/1/1933,20.37,0.557,Egypt
5/1/1933,26.136,0.579,Egypt
6/1/1933,30.708,0.645,Egypt
7/1/1933,29.38,0.395,Egypt
8/1/1933,29.148,0.366,Egypt
9/1/1933,26.458,0.388,Egypt
10/1/1933,22.858,0.368,Egypt
11/1/1933,22.228,0.862,Egypt
12/1/1933,16.06,0.462,Egypt
1/1/1934,13.626,0.494,Egypt
2/1/1934,12.797,0.477,Egypt
3/1/1934,19.12,0.544,Egypt
4/1/1934,22.891,0.291,Egypt
5/1/1934,27.784,0.461,Egypt
6/1/1934,29.458,0.537,Egypt
7/1/1934,29.713,0.514,Egypt
8/1/1934,30.038,0.424,Egypt
9/1/1934,27.678,0.325,Egypt
10/1/1934,25.261,0.412,Egypt
11/1/1934,20.767,0.423,Egypt
12/1/1934,15.185,0.362,Egypt
1/1/1935,14.171,0.435,Egypt
2/1/1935,15.563,0.382,Egypt
3/1/1935,19.389,0.541,Egypt
4/1/1935,22.22,0.426,Egypt
5/1/1935,28.023,0.445,Egypt
6/1/1935,30.046,0.394,Egypt
7/1/1935,29.244,0.449,Egypt
8/1/1935,29.876,0.314,Egypt
9/1/1935,27.818,0.454,Egypt
10/1/1935,24.936,0.628,Egypt
11/1/1935,17.954,0.494,Egypt
12/1/1935,14.687,0.382,Egypt
1/1/1936,14.536,0.659,Egypt
2/1/1936,16.754,0.536,Egypt
3/1/1936,20.02,0.441,Egypt
4/1/1936,24.022,0.461,Egypt
5/1/1936,27.294,0.387,Egypt
6/1/1936,28.961,0.572,Egypt
7/1/1936,30.248,0.512,Egypt
8/1/1936,30.376,0.377,Egypt
9/1/1936,26.675,0.511,Egypt
10/1/1936,26.072,0.858,Egypt
11/1/1936,21.133,0.588,Egypt
12/1/1936,14.072,0.307,Egypt
1/1/1937,12.274,0.457,Egypt
2/1/1937,15.761,0.35,Egypt
3/1/1937,19.496,0.683,Egypt
4/1/1937,23.171,0.491,Egypt
5/1/1937,26.841,0.41,Egypt
6/1/1937,28.535,0.429,Egypt
7/1/1937,30.154,0.481,Egypt
8/1/1937,30.426,0.451,Egypt
9/1/1937,29.626,0.573,Egypt
10/1/1937,25.32,0.361,Egypt
11/1/1937,20.372,0.416,Egypt
12/1/1937,15.694,0.544,Egypt
1/1/1938,14.009,0.405,Egypt
2/1/1938,14.709,0.341,Egypt
3/1/1938,16.46,0.358,Egypt
4/1/1938,22.963,0.459,Egypt
5/1/1938,26.67,0.445,Egypt
6/1/1938,27.505,0.297,Egypt
7/1/1938,30.228,0.493,Egypt
8/1/1938,30.752,0.644,Egypt
9/1/1938,28.369,0.405,Egypt
10/1/1938,24.241,0.374,Egypt
11/1/1938,18.677,0.418,Egypt
12/1/1938,15.717,0.467,Egypt
1/1/1939,13.85,0.354,Egypt
2/1/1939,15.201,0.309,Egypt
3/1/1939,18.399,0.316,Egypt
4/1/1939,22.93,0.504,Egypt
5/1/1939,28.956,0.696,Egypt
6/1/1939,28.999,0.358,Egypt
7/1/1939,30.015,0.322,Egypt
8/1/1939,30.045,0.33,Egypt
9/1/1939,29.228,0.404,Egypt
10/1/1939,26.073,0.543,Egypt
11/1/1939,19.421,0.321,Egypt
12/1/1939,15.93,0.291,Egypt
1/1/1940,13.856,0.4,Egypt
2/1/1940,15.82,0.313,Egypt
3/1/1940,18.125,0.415,Egypt
4/1/1940,23.198,0.275,Egypt
5/1/1940,27.462,0.442,Egypt
6/1/1940,30.315,0.515,Egypt
7/1/1940,30.39,0.588,Egypt
8/1/1940,29.214,0.448,Egypt
9/1/1940,27.932,0.406,Egypt
10/1/1940,25.987,0.432,Egypt
11/1/1940,19.33,0.364,Egypt
12/1/1940,14.32,0.593,Egypt
1/1/1941,14.697,0.66,Egypt
2/1/1941,17.399,0.517,Egypt
3/1/1941,19.064,0.361,Egypt
4/1/1941,23.399,0.498,Egypt
5/1/1941,29.564,1.265,Egypt
6/1/1941,29.399,0.451,Egypt
7/1/1941,30.806,0.501,Egypt
8/1/1941,30.372,0.353,Egypt
9/1/1941,27.375,0.31,Egypt
10/1/1941,22.974,0.408,Egypt
11/1/1941,20.001,0.493,Egypt
12/1/1941,13.691,0.417,Egypt
1/1/1942,12.994,0.41,Egypt
2/1/1942,16.018,0.311,Egypt
3/1/1942,19.217,0.478,Egypt
4/1/1942,23.867,0.418,Egypt
5/1/1942,27.807,0.33,Egypt
6/1/1942,29.868,0.344,Egypt
7/1/1942,29.659,0.411,Egypt
8/1/1942,29.413,0.397,Egypt
9/1/1942,26.783,0.381,Egypt
10/1/1942,25.026,0.396,Egypt
11/1/1942,19.942,0.355,Egypt
12/1/1942,15.661,0.364,Egypt
1/1/1943,13.46,0.598,Egypt
2/1/1943,14.078,0.43,Egypt
3/1/1943,16.792,0.428,Egypt
4/1/1943,19.607,0.359,Egypt
5/1/1943,26.263,0.343,Egypt
6/1/1943,27.408,0.333,Egypt
7/1/1943,30.064,0.352,Egypt
8/1/1943,30.035,0.417,Egypt
9/1/1943,28.056,0.447,Egypt
10/1/1943,26.314,0.396,Egypt
11/1/1943,22.206,0.411,Egypt
12/1/1943,17.067,0.345,Egypt
1/1/1944,13.099,0.449,Egypt
2/1/1944,15.109,0.32,Egypt
3/1/1944,19.222,0.383,Egypt
4/1/1944,23.05,0.454,Egypt
5/1/1944,25.626,0.533,Egypt
6/1/1944,30.065,0.519,Egypt
7/1/1944,29.948,0.5,Egypt
8/1/1944,30.076,0.46,Egypt
9/1/1944,27.937,0.415,Egypt
10/1/1944,25.295,0.389,Egypt
11/1/1944,18.899,0.322,Egypt
12/1/1944,15.094,0.386,Egypt
1/1/1945,13.446,0.526,Egypt
2/1/1945,13.327,0.534,Egypt
3/1/1945,16.005,0.331,Egypt
4/1/1945,21.166,0.321,Egypt
5/1/1945,27.485,0.4,Egypt
6/1/1945,28.385,0.407,Egypt
7/1/1945,30.383,0.415,Egypt
8/1/1945,31.479,0.412,Egypt
9/1/1945,28.184,0.312,Egypt
10/1/1945,23.779,0.314,Egypt
11/1/1945,19.469,0.284,Egypt
12/1/1945,14.048,0.362,Egypt
1/1/1946,14.684,0.382,Egypt
2/1/1946,14.371,0.331,Egypt
3/1/1946,18.012,0.416,Egypt
4/1/1946,22.614,0.39,Egypt
5/1/1946,26.814,0.429,Egypt
6/1/1946,29.284,0.318,Egypt
7/1/1946,30.033,0.331,Egypt
8/1/1946,30.532,0.508,Egypt
9/1/1946,29.4,0.428,Egypt
10/1/1946,24.676,0.302,Egypt
11/1/1946,21.186,0.238,Egypt
12/1/1946,15.039,0.363,Egypt
1/1/1947,13.35,0.522,Egypt
2/1/1947,16.617,0.354,Egypt
3/1/1947,20.072,0.368,Egypt
4/1/1947,22.868,0.363,Egypt
5/1/1947,27.925,0.431,Egypt
6/1/1947,29.477,0.42,Egypt
7/1/1947,30.583,0.36,Egypt
8/1/1947,30.789,0.397,Egypt
9/1/1947,28.001,0.246,Egypt
10/1/1947,24.519,0.406,Egypt
11/1/1947,19.063,0.337,Egypt
12/1/1947,16.558,0.466,Egypt
1/1/1948,14.639,0.572,Egypt
2/1/1948,15.186,0.298,Egypt
3/1/1948,15.734,0.269,Egypt
4/1/1948,21.703,0.3,Egypt
5/1/1948,27.005,0.398,Egypt
6/1/1948,29.352,0.404,Egypt
7/1/1948,29.661,0.294,Egypt
8/1/1948,29.802,0.288,Egypt
9/1/1948,27.247,0.311,Egypt
10/1/1948,23.364,0.442,Egypt
11/1/1948,18.718,0.4,Egypt
12/1/1948,13.315,0.517,Egypt
1/1/1949,12.65,0.341,Egypt
2/1/1949,12.655,0.33,Egypt
3/1/1949,17.431,0.375,Egypt
4/1/1949,19.502,0.894,Egypt
5/1/1949,28.323,0.531,Egypt
6/1/1949,28.644,0.449,Egypt
7/1/1949,29.23,0.337,Egypt
8/1/1949,28.999,0.446,Egypt
9/1/1949,26.179,0.332,Egypt
10/1/1949,23.838,0.475,Egypt
11/1/1949,20.442,0.642,Egypt
12/1/1949,14.817,0.334,Egypt
1/1/1950,12.824,0.508,Egypt
2/1/1950,14.2,0.397,Egypt
3/1/1950,17.95,0.417,Egypt
4/1/1950,23.718,0.299,Egypt
5/1/1950,26.052,0.372,Egypt
6/1/1950,28.84,0.428,Egypt
7/1/1950,30.176,0.644,Egypt
8/1/1950,30.216,0.779,Egypt
9/1/1950,28.183,0.286,Egypt
10/1/1950,24.135,0.324,Egypt
11/1/1950,19.219,0.3,Egypt
12/1/1950,16.66,0.814,Egypt
1/1/1951,13.775,0.263,Egypt
2/1/1951,15.318,0.403,Egypt
3/1/1951,20.08,0.352,Egypt
4/1/1951,22.483,0.261,Egypt
5/1/1951,28.37,0.341,Egypt
6/1/1951,29.16,0.484,Egypt
7/1/1951,30.231,0.395,Egypt
8/1/1951,30.371,0.292,Egypt
9/1/1951,29.41,0.369,Egypt
10/1/1951,26.032,0.403,Egypt
11/1/1951,18.708,0.486,Egypt
12/1/1951,12.916,0.446,Egypt
1/1/1952,14.1,0.292,Egypt
2/1/1952,15.559,0.186,Egypt
3/1/1952,18.157,0.428,Egypt
4/1/1952,23.19,0.282,Egypt
5/1/1952,27.377,0.22,Egypt
6/1/1952,28.881,0.336,Egypt
7/1/1952,29.932,0.346,Egypt
8/1/1952,31.261,0.459,Egypt
9/1/1952,29.78,0.25,Egypt
10/1/1952,25.674,0.311,Egypt
11/1/1952,19.083,0.246,Egypt
12/1/1952,16.162,0.262,Egypt
1/1/1953,13.249,0.199,Egypt
2/1/1953,16.242,0.253,Egypt
3/1/1953,16.925,0.247,Egypt
4/1/1953,22.829,0.242,Egypt
5/1/1953,28.047,0.279,Egypt
6/1/1953,30.192,0.235,Egypt
7/1/1953,31.164,0.248,Egypt
8/1/1953,30.335,0.273,Egypt
9/1/1953,27.274,0.411,Egypt
10/1/1953,24.496,0.297,Egypt
11/1/1953,17.773,0.309,Egypt
12/1/1953,13.556,0.205,Egypt
1/1/1954,12.275,0.218,Egypt
2/1/1954,15.124,0.444,Egypt
3/1/1954,19.232,0.287,Egypt
4/1/1954,22.248,0.269,Egypt
5/1/1954,27.928,0.475,Egypt
6/1/1954,29.302,0.436,Egypt
7/1/1954,30.384,0.298,Egypt
8/1/1954,30.659,0.323,Egypt
9/1/1954,27.025,0.42,Egypt
10/1/1954,24.07,0.267,Egypt
11/1/1954,19.478,0.377,Egypt
12/1/1954,14.246,0.213,Egypt
1/1/1955,14.643,0.362,Egypt
2/1/1955,17.385,0.338,Egypt
3/1/1955,19.598,0.389,Egypt
4/1/1955,23.372,0.226,Egypt
5/1/1955,27.052,0.269,Egypt
6/1/1955,30.361,0.278,Egypt
7/1/1955,30.73,0.388,Egypt
8/1/1955,29.697,0.473,Egypt
9/1/1955,28.81,0.304,Egypt
10/1/1955,25.325,0.2,Egypt
11/1/1955,19.582,0.464,Egypt
12/1/1955,14.269,0.35,Egypt
1/1/1956,14.024,0.39,Egypt
2/1/1956,17.289,0.613,Egypt
3/1/1956,18.463,0.351,Egypt
4/1/1956,22.833,0.574,Egypt
5/1/1956,25.73,0.439,Egypt
6/1/1956,29.856,0.388,Egypt
7/1/1956,30.762,0.32,Egypt
8/1/1956,31.519,0.6,Egypt
9/1/1956,27.831,0.346,Egypt
10/1/1956,23.203,0.31,Egypt
11/1/1956,19.765,0.226,Egypt
12/1/1956,14.482,0.325,Egypt
1/1/1957,12.466,0.227,Egypt
2/1/1957,14.855,0.395,Egypt
3/1/1957,17.922,0.387,Egypt
4/1/1957,22.224,0.51,Egypt
5/1/1957,27.26,0.535,Egypt
6/1/1957,29.536,0.512,Egypt
7/1/1957,30.236,0.445,Egypt
8/1/1957,30.646,0.985,Egypt
9/1/1957,29.479,0.819,Egypt
10/1/1957,25.858,0.558,Egypt
11/1/1957,20.942,0.565,Egypt
12/1/1957,15.033,0.21,Egypt
1/1/1958,13.788,0.249,Egypt
2/1/1958,15.685,0.272,Egypt
3/1/1958,19.584,0.368,Egypt
4/1/1958,24.88,0.443,Egypt
5/1/1958,26.53,0.369,Egypt
6/1/1958,29.505,0.396,Egypt
7/1/1958,30.524,0.429,Egypt
8/1/1958,30.461,0.393,Egypt
9/1/1958,27.705,0.31,Egypt
10/1/1958,23.671,0.258,Egypt
11/1/1958,20.565,0.315,Egypt
12/1/1958,16.759,0.305,Egypt
1/1/1959,13.266,0.342,Egypt
2/1/1959,12.278,0.489,Egypt
3/1/1959,17.653,0.231,Egypt
4/1/1959,23.079,0.354,Egypt
5/1/1959,27.79,0.285,Egypt
6/1/1959,29.519,0.258,Egypt
7/1/1959,29.604,0.591,Egypt
8/1/1959,29.935,0.231,Egypt
9/1/1959,27.133,0.471,Egypt
10/1/1959,22.835,0.231,Egypt
11/1/1959,19.235,0.278,Egypt
12/1/1959,15.088,0.371,Egypt
1/1/1960,13.817,0.377,Egypt
2/1/1960,15.956,0.337,Egypt
3/1/1960,19.189,0.31,Egypt
4/1/1960,23.824,0.263,Egypt
5/1/1960,27.336,0.344,Egypt
6/1/1960,29.127,0.416,Egypt
7/1/1960,30.224,0.343,Egypt
8/1/1960,30.011,0.391,Egypt
9/1/1960,28.339,0.316,Egypt
10/1/1960,26.527,0.348,Egypt
11/1/1960,20.343,0.278,Egypt
12/1/1960,18.761,0.296,Egypt
1/1/1961,14.248,0.429,Egypt
2/1/1961,13.342,0.289,Egypt
3/1/1961,16.864,0.373,Egypt
4/1/1961,22.737,0.439,Egypt
5/1/1961,26.79,0.28,Egypt
6/1/1961,31.395,0.31,Egypt
7/1/1961,29.754,0.263,Egypt
8/1/1961,29.803,0.2,Egypt
9/1/1961,25.942,0.353,Egypt
10/1/1961,22.887,0.395,Egypt
11/1/1961,18.545,0.228,Egypt
12/1/1961,14.498,0.232,Egypt
1/1/1962,13.943,0.305,Egypt
2/1/1962,14.41,0.214,Egypt
3/1/1962,21.346,0.32,Egypt
4/1/1962,22.593,0.313,Egypt
5/1/1962,26.361,0.278,Egypt
6/1/1962,30.236,0.579,Egypt
7/1/1962,30.453,0.294,Egypt
8/1/1962,31.2,0.373,Egypt
9/1/1962,28.259,0.315,Egypt
10/1/1962,25.511,0.486,Egypt
11/1/1962,22.741,0.385,Egypt
12/1/1962,14.909,0.216,Egypt
1/1/1963,15.112,0.267,Egypt
2/1/1963,16.727,0.3,Egypt
3/1/1963,18.375,0.344,Egypt
4/1/1963,24.086,0.317,Egypt
5/1/1963,27.092,0.384,Egypt
6/1/1963,30.389,0.397,Egypt
7/1/1963,30.952,0.547,Egypt
8/1/1963,30.757,0.392,Egypt
9/1/1963,28.836,0.429,Egypt
10/1/1963,26.299,0.322,Egypt
11/1/1963,19.761,0.37,Egypt
12/1/1963,15.438,0.232,Egypt
1/1/1964,12.183,0.412,Egypt
2/1/1964,14.286,0.249,Egypt
3/1/1964,19.655,0.272,Egypt
4/1/1964,23.242,0.192,Egypt
5/1/1964,25.772,0.349,Egypt
6/1/1964,29.601,0.397,Egypt
7/1/1964,29.758,0.334,Egypt
8/1/1964,30.068,0.328,Egypt
9/1/1964,26.6,0.228,Egypt
10/1/1964,24.157,0.382,Egypt
11/1/1964,19.125,0.268,Egypt
12/1/1964,15.23,0.282,Egypt
1/1/1965,13.856,0.216,Egypt
2/1/1965,15.765,0.306,Egypt
3/1/1965,19.561,0.416,Egypt
4/1/1965,22.369,0.332,Egypt
5/1/1965,25.434,0.326,Egypt
6/1/1965,30.66,0.514,Egypt
7/1/1965,30.377,0.426,Egypt
8/1/1965,30.303,0.249,Egypt
9/1/1965,28.248,0.373,Egypt
10/1/1965,23.782,0.275,Egypt
11/1/1965,18.457,0.347,Egypt
12/1/1965,14.347,0.397,Egypt
1/1/1966,13.634,0.454,Egypt
2/1/1966,15.15,0.248,Egypt
3/1/1966,18.369,0.276,Egypt
4/1/1966,23.631,0.25,Egypt
5/1/1966,27.46,0.251,Egypt
6/1/1966,30.204,0.284,Egypt
7/1/1966,30.385,0.315,Egypt
8/1/1966,30.577,0.282,Egypt
9/1/1966,28.489,0.253,Egypt
10/1/1966,25.794,0.332,Egypt
11/1/1966,22.137,0.406,Egypt
12/1/1966,14.608,0.235,Egypt
1/1/1967,12.383,0.221,Egypt
2/1/1967,14.64,0.282,Egypt
3/1/1967,16.309,0.32,Egypt
4/1/1967,23.127,0.244,Egypt
5/1/1967,26.279,0.278,Egypt
6/1/1967,29.759,0.303,Egypt
7/1/1967,29.77,0.471,Egypt
8/1/1967,30.176,0.331,Egypt
9/1/1967,27.777,0.293,Egypt
10/1/1967,23.59,0.339,Egypt
11/1/1967,18.388,0.283,Egypt
12/1/1967,15.173,0.275,Egypt
1/1/1968,12.721,0.313,Egypt
2/1/1968,14.962,0.264,Egypt
3/1/1968,17.882,0.289,Egypt
4/1/1968,22.713,0.364,Egypt
5/1/1968,27.702,0.333,Egypt
6/1/1968,31.218,0.372,Egypt
7/1/1968,30.788,0.284,Egypt
8/1/1968,30.143,0.211,Egypt
9/1/1968,27.893,0.257,Egypt
10/1/1968,23.162,0.222,Egypt
11/1/1968,18.911,0.39,Egypt
12/1/1968,14.771,0.223,Egypt
1/1/1969,12.355,0.258,Egypt
2/1/1969,17.467,0.411,Egypt
3/1/1969,21.755,0.524,Egypt
4/1/1969,22.045,0.411,Egypt
5/1/1969,26.643,0.268,Egypt
6/1/1969,30.911,0.212,Egypt
7/1/1969,29.132,0.414,Egypt
8/1/1969,29.863,0.267,Egypt
9/1/1969,29.803,0.254,Egypt
10/1/1969,25.619,0.283,Egypt
11/1/1969,19.977,0.273,Egypt
12/1/1969,15.283,0.297,Egypt
1/1/1970,14.775,0.372,Egypt
2/1/1970,16.063,0.313,Egypt
3/1/1970,19.13,0.376,Egypt
4/1/1970,23.609,0.375,Egypt
5/1/1970,27.283,0.232,Egypt
6/1/1970,28.492,0.316,Egypt
7/1/1970,29.982,0.22,Egypt
8/1/1970,29.712,0.211,Egypt
9/1/1970,27.668,0.282,Egypt
10/1/1970,23.137,0.338,Egypt
11/1/1970,19.008,0.352,Egypt
12/1/1970,13.642,0.239,Egypt
1/1/1971,15.472,0.402,Egypt
2/1/1971,15.228,0.359,Egypt
3/1/1971,19.904,0.461,Egypt
4/1/1971,21.57,0.337,Egypt
5/1/1971,27.759,0.26,Egypt
6/1/1971,29.2,0.379,Egypt
7/1/1971,29.169,0.29,Egypt
8/1/1971,29.765,0.338,Egypt
9/1/1971,27.772,0.323,Egypt
10/1/1971,23.476,0.342,Egypt
11/1/1971,18.58,0.363,Egypt
12/1/1971,14.265,0.233,Egypt
1/1/1972,13.163,0.247,Egypt
2/1/1972,14.773,0.254,Egypt
3/1/1972,18.503,0.353,Egypt
4/1/1972,23.825,0.389,Egypt
5/1/1972,26.934,0.225,Egypt
6/1/1972,29.373,0.402,Egypt
7/1/1972,30.017,0.539,Egypt
8/1/1972,30.292,0.351,Egypt
9/1/1972,29.235,0.345,Egypt
10/1/1972,25.448,0.348,Egypt
11/1/1972,18.579,0.423,Egypt
12/1/1972,14.115,0.438,Egypt
1/1/1973,13.437,0.358,Egypt
2/1/1973,17.056,0.406,Egypt
3/1/1973,18.223,0.425,Egypt
4/1/1973,22.811,0.293,Egypt
5/1/1973,26.576,0.568,Egypt
6/1/1973,29.343,0.392,Egypt
7/1/1973,30.726,0.413,Egypt
8/1/1973,29.1,0.364,Egypt
9/1/1973,27.786,0.226,Egypt
10/1/1973,24.989,0.395,Egypt
11/1/1973,17.588,0.506,Egypt
12/1/1973,15.252,0.374,Egypt
1/1/1974,12.22,0.36,Egypt
2/1/1974,15.106,0.513,Egypt
3/1/1974,19.589,0.329,Egypt
4/1/1974,24.523,0.288,Egypt
5/1/1974,26.124,0.245,Egypt
6/1/1974,29.074,0.277,Egypt
7/1/1974,29.901,0.218,Egypt
8/1/1974,29.476,0.279,Egypt
9/1/1974,27.838,0.292,Egypt
10/1/1974,25.65,0.312,Egypt
11/1/1974,19.114,0.371,Egypt
12/1/1974,13.668,0.431,Egypt
1/1/1975,12.524,0.302,Egypt
2/1/1975,15.201,0.305,Egypt
3/1/1975,18.88,0.428,Egypt
4/1/1975,24.423,0.299,Egypt
5/1/1975,26.655,0.392,Egypt
6/1/1975,28.978,0.364,Egypt
7/1/1975,29.893,0.515,Egypt
8/1/1975,29.177,0.435,Egypt
9/1/1975,27.423,0.32,Egypt
10/1/1975,23.902,0.304,Egypt
11/1/1975,19.322,0.384,Egypt
12/1/1975,14.559,0.277,Egypt
1/1/1976,12.784,0.378,Egypt
2/1/1976,13.947,0.237,Egypt
3/1/1976,18.852,0.45,Egypt
4/1/1976,23.355,0.379,Egypt
5/1/1976,27.517,0.598,Egypt
6/1/1976,29.182,0.387,Egypt
7/1/1976,29.829,0.25,Egypt
8/1/1976,28.886,0.253,Egypt
9/1/1976,28.204,0.315,Egypt
10/1/1976,25.957,0.415,Egypt
11/1/1976,20.141,0.242,Egypt
12/1/1976,15.677,0.293,Egypt
1/1/1977,13.366,0.198,Egypt
2/1/1977,16.908,0.368,Egypt
3/1/1977,17.547,0.433,Egypt
4/1/1977,21.909,0.425,Egypt
5/1/1977,27.507,0.424,Egypt
6/1/1977,29.955,0.268,Egypt
7/1/1977,30.691,0.332,Egypt
8/1/1977,30.569,0.256,Egypt
9/1/1977,28.007,0.259,Egypt
10/1/1977,22.874,0.364,Egypt
11/1/1977,19.215,0.305,Egypt
12/1/1977,13.465,0.286,Egypt
1/1/1978,12.97,0.374,Egypt
2/1/1978,16.408,0.443,Egypt
3/1/1978,18.8,0.284,Egypt
4/1/1978,24.014,0.389,Egypt
5/1/1978,28.76,0.324,Egypt
6/1/1978,29.591,0.297,Egypt
7/1/1978,30.806,0.419,Egypt
8/1/1978,28.629,0.284,Egypt
9/1/1978,27.621,0.229,Egypt
10/1/1978,25.469,0.229,Egypt
11/1/1978,17.277,0.207,Egypt
12/1/1978,15.099,0.326,Egypt
1/1/1979,13.657,0.415,Egypt
2/1/1979,17.446,0.184,Egypt
3/1/1979,20.408,0.256,Egypt
4/1/1979,24.817,0.361,Egypt
5/1/1979,27.483,0.368,Egypt
6/1/1979,30.704,0.342,Egypt
7/1/1979,30.35,0.236,Egypt
8/1/1979,30.309,0.237,Egypt
9/1/1979,27.974,0.257,Egypt
10/1/1979,25.362,0.34,Egypt
11/1/1979,20.741,0.22,Egypt
12/1/1979,13.471,0.288,Egypt
1/1/1980,13.299,0.325,Egypt
2/1/1980,14.421,0.173,Egypt
3/1/1980,19.346,0.326,Egypt
4/1/1980,23.337,0.304,Egypt
5/1/1980,28.048,0.352,Egypt
6/1/1980,29.698,0.316,Egypt
7/1/1980,30.675,0.375,Egypt
8/1/1980,30.201,0.309,Egypt
9/1/1980,27.341,0.294,Egypt
10/1/1980,25.042,0.408,Egypt
11/1/1980,20.419,0.302,Egypt
12/1/1980,14.958,0.304,Egypt
1/1/1981,11.467,0.348,Egypt
2/1/1981,14.483,0.307,Egypt
3/1/1981,19.575,0.337,Egypt
4/1/1981,24.414,0.326,Egypt
5/1/1981,26.86,0.374,Egypt
6/1/1981,30.076,0.46,Egypt
7/1/1981,30.544,0.258,Egypt
8/1/1981,30.235,0.238,Egypt
9/1/1981,27.751,0.328,Egypt
10/1/1981,25.935,0.385,Egypt
11/1/1981,17.536,0.404,Egypt
12/1/1981,15.345,0.278,Egypt
1/1/1982,14.717,0.41,Egypt
2/1/1982,13.68,0.212,Egypt
3/1/1982,17.119,0.282,Egypt
4/1/1982,24.112,0.223,Egypt
5/1/1982,25.86,0.239,Egypt
6/1/1982,29.25,0.502,Egypt
7/1/1982,29.728,0.376,Egypt
8/1/1982,30.125,0.259,Egypt
9/1/1982,28.322,0.312,Egypt
10/1/1982,25.632,0.431,Egypt
11/1/1982,17.342,0.314,Egypt
12/1/1982,13.558,0.265,Egypt
1/1/1983,10.951,0.332,Egypt
2/1/1983,13.494,0.468,Egypt
3/1/1983,16.501,0.359,Egypt
4/1/1983,21.831,0.44,Egypt
5/1/1983,27.289,0.211,Egypt
6/1/1983,29.51,0.306,Egypt
7/1/1983,30.621,0.291,Egypt
8/1/1983,29.64,0.252,Egypt
9/1/1983,27.604,0.315,Egypt
10/1/1983,22.868,0.401,Egypt
11/1/1983,19.858,0.312,Egypt
12/1/1983,14.956,0.314,Egypt
1/1/1984,13.003,0.363,Egypt
2/1/1984,15.603,0.285,Egypt
3/1/1984,19.566,0.38,Egypt
4/1/1984,23.014,0.184,Egypt
5/1/1984,29.096,0.313,Egypt
6/1/1984,28.548,0.381,Egypt
7/1/1984,29.405,0.35,Egypt
8/1/1984,29.137,0.231,Egypt
9/1/1984,28.525,0.262,Egypt
10/1/1984,25.165,0.295,Egypt
11/1/1984,18.755,0.315,Egypt
12/1/1984,14.758,0.514,Egypt
1/1/1985,15.722,0.363,Egypt
2/1/1985,14.656,0.27,Egypt
3/1/1985,19.756,0.377,Egypt
4/1/1985,23.345,0.315,Egypt
5/1/1985,28.309,0.233,Egypt
6/1/1985,30.367,0.413,Egypt
7/1/1985,29.77,0.425,Egypt
8/1/1985,30.289,0.291,Egypt
9/1/1985,27.652,0.356,Egypt
10/1/1985,22.655,0.37,Egypt
11/1/1985,20.178,0.272,Egypt
12/1/1985,15.817,0.337,Egypt
1/1/1986,13.814,0.43,Egypt
2/1/1986,16.594,0.242,Egypt
3/1/1986,20.016,0.253,Egypt
4/1/1986,23.732,0.271,Egypt
5/1/1986,24.648,0.551,Egypt
6/1/1986,30.173,0.293,Egypt
7/1/1986,30.739,0.286,Egypt
8/1/1986,30.457,0.273,Egypt
9/1/1986,29.434,0.296,Egypt
10/1/1986,23.912,0.366,Egypt
11/1/1986,18.224,0.449,Egypt
12/1/1986,13.079,0.327,Egypt
1/1/1987,13.687,0.207,Egypt
2/1/1987,16.442,0.277,Egypt
3/1/1987,17.914,0.387,Egypt
4/1/1987,21.142,0.413,Egypt
5/1/1987,27.407,0.449,Egypt
6/1/1987,29.402,0.248,Egypt
7/1/1987,31.067,0.381,Egypt
8/1/1987,30.875,0.329,Egypt
9/1/1987,28.441,0.234,Egypt
10/1/1987,23.516,0.342,Egypt
11/1/1987,18.934,0.288,Egypt
12/1/1987,15.36,0.234,Egypt
1/1/1988,13.738,0.279,Egypt
2/1/1988,15.114,0.233,Egypt
3/1/1988,19.201,0.317,Egypt
4/1/1988,24.146,0.419,Egypt
5/1/1988,28.736,0.274,Egypt
6/1/1988,31.181,0.327,Egypt
7/1/1988,31.638,0.249,Egypt
8/1/1988,30.989,0.274,Egypt
9/1/1988,28.884,0.22,Egypt
10/1/1988,22.999,0.319,Egypt
11/1/1988,17.487,0.287,Egypt
12/1/1988,14.725,0.38,Egypt
1/1/1989,11.29,0.425,Egypt
2/1/1989,13.283,0.487,Egypt
3/1/1989,18.119,0.378,Egypt
4/1/1989,25.211,0.443,Egypt
5/1/1989,27.987,0.243,Egypt
6/1/1989,30.045,0.334,Egypt
7/1/1989,30.558,0.371,Egypt
8/1/1989,30.597,0.457,Egypt
9/1/1989,29.05,0.279,Egypt
10/1/1989,23.834,0.283,Egypt
11/1/1989,18.899,0.356,Egypt
12/1/1989,14.607,0.327,Egypt
1/1/1990,13.752,0.343,Egypt
2/1/1990,14.137,0.32,Egypt
3/1/1990,17.665,0.353,Egypt
4/1/1990,24.38,0.294,Egypt
5/1/1990,26.793,0.266,Egypt
6/1/1990,29.298,0.252,Egypt
7/1/1990,30.555,0.507,Egypt
8/1/1990,29.237,0.269,Egypt
9/1/1990,27.616,0.302,Egypt
10/1/1990,24.811,0.232,Egypt
11/1/1990,21.418,0.416,Egypt
12/1/1990,17.435,0.525,Egypt
1/1/1991,13.398,0.366,Egypt
2/1/1991,15.858,0.281,Egypt
3/1/1991,20.095,0.377,Egypt
4/1/1991,24.94,0.427,Egypt
5/1/1991,27.641,0.404,Egypt
6/1/1991,29.872,0.293,Egypt
7/1/1991,30.087,0.348,Egypt
8/1/1991,29.854,0.329,Egypt
9/1/1991,27.666,0.33,Egypt
10/1/1991,25.208,0.326,Egypt
11/1/1991,19.635,0.318,Egypt
12/1/1991,12.808,0.509,Egypt
1/1/1992,12.459,0.42,Egypt
2/1/1992,12.264,0.495,Egypt
3/1/1992,18.004,0.496,Egypt
4/1/1992,22.074,0.538,Egypt
5/1/1992,26.571,0.317,Egypt
6/1/1992,31.16,0.529,Egypt
7/1/1992,30.516,0.515,Egypt
8/1/1992,31.006,0.538,Egypt
9/1/1992,27.452,0.373,Egypt
10/1/1992,25.782,0.431,Egypt
11/1/1992,19.644,0.278,Egypt
12/1/1992,13.727,0.508,Egypt
1/1/1993,13.051,0.438,Egypt
2/1/1993,13.889,0.404,Egypt
3/1/1993,18.173,0.438,Egypt
4/1/1993,23.961,0.265,Egypt
5/1/1993,26.724,0.408,Egypt
6/1/1993,29.921,0.313,Egypt
7/1/1993,30.436,0.384,Egypt
8/1/1993,30.929,0.616,Egypt
9/1/1993,28.894,0.352,Egypt
10/1/1993,26.71,0.424,Egypt
11/1/1993,21.072,0.383,Egypt
12/1/1993,16.947,0.327,Egypt
1/1/1994,15.147,0.48,Egypt
2/1/1994,14.989,0.306,Egypt
3/1/1994,18.24,0.376,Egypt
4/1/1994,24.484,0.334,Egypt
5/1/1994,27.432,0.385,Egypt
6/1/1994,28.898,0.244,Egypt
7/1/1994,30.635,0.419,Egypt
8/1/1994,30.499,0.351,Egypt
9/1/1994,29.337,0.39,Egypt
10/1/1994,26.955,0.227,Egypt
11/1/1994,18.766,0.388,Egypt
12/1/1994,13.438,0.326,Egypt
1/1/1995,13.41,0.37,Egypt
2/1/1995,15.375,0.354,Egypt
3/1/1995,19.267,0.235,Egypt
4/1/1995,22.18,0.386,Egypt
5/1/1995,26.463,0.272,Egypt
6/1/1995,31.842,0.297,Egypt
7/1/1995,31.43,0.384,Egypt
8/1/1995,30.836,0.317,Egypt
9/1/1995,29.842,0.434,Egypt
10/1/1995,24.911,0.338,Egypt
11/1/1995,17.814,0.275,Egypt
12/1/1995,14.66,0.304,Egypt
1/1/1996,14.034,0.491,Egypt
2/1/1996,16.054,0.239,Egypt
3/1/1996,19.087,0.221,Egypt
4/1/1996,22.145,0.28,Egypt
5/1/1996,28.991,0.313,Egypt
6/1/1996,29.381,0.317,Egypt
7/1/1996,30.414,0.272,Egypt
8/1/1996,30.912,0.329,Egypt
9/1/1996,30.156,0.33,Egypt
10/1/1996,24.38,0.258,Egypt
11/1/1996,20.134,0.301,Egypt
12/1/1996,15.428,0.329,Egypt
1/1/1997,14.766,0.359,Egypt
2/1/1997,13.528,0.363,Egypt
3/1/1997,17.382,0.253,Egypt
4/1/1997,22.02,0.535,Egypt
5/1/1997,27.658,0.308,Egypt
6/1/1997,30.432,0.204,Egypt
7/1/1997,31.293,0.35,Egypt
8/1/1997,30.493,0.42,Egypt
9/1/1997,28.17,0.363,Egypt
10/1/1997,24.688,0.261,Egypt
11/1/1997,20.03,0.212,Egypt
12/1/1997,14.816,0.328,Egypt
1/1/1998,13.732,0.534,Egypt
2/1/1998,15.848,0.223,Egypt
3/1/1998,17.078,0.257,Egypt
4/1/1998,24.724,0.252,Egypt
5/1/1998,28.449,0.364,Egypt
6/1/1998,29.369,0.464,Egypt
7/1/1998,31.438,0.34,Egypt
8/1/1998,32.231,0.291,Egypt
9/1/1998,29.905,0.424,Egypt
10/1/1998,25.588,0.352,Egypt
11/1/1998,20.341,0.318,Egypt
12/1/1998,15.486,0.335,Egypt
1/1/1999,14.206,0.297,Egypt
2/1/1999,16.752,0.303,Egypt
3/1/1999,19.195,0.241,Egypt
4/1/1999,23.078,0.287,Egypt
5/1/1999,28.331,0.543,Egypt
6/1/1999,29.688,0.385,Egypt
7/1/1999,31.303,0.458,Egypt
8/1/1999,31.52,0.385,Egypt
9/1/1999,29.693,0.436,Egypt
10/1/1999,25.666,0.365,Egypt
11/1/1999,20.394,0.315,Egypt
12/1/1999,15.526,0.219,Egypt
1/1/2000,13.219,0.482,Egypt
2/1/2000,14.42,0.426,Egypt
3/1/2000,17.545,0.459,Egypt
4/1/2000,24.186,0.487,Egypt
5/1/2000,27.354,0.622,Egypt
6/1/2000,29.176,0.743,Egypt
7/1/2000,31.516,0.484,Egypt
8/1/2000,30.089,0.373,Egypt
9/1/2000,28.454,0.409,Egypt
10/1/2000,23.57,0.214,Egypt
11/1/2000,19.889,0.598,Egypt
12/1/2000,15.159,0.438,Egypt
1/1/2001,14.132,0.442,Egypt
2/1/2001,15.19,0.51,Egypt
3/1/2001,21.512,0.245,Egypt
4/1/2001,24.149,0.397,Egypt
5/1/2001,27.718,0.561,Egypt
6/1/2001,29.472,0.363,Egypt
7/1/2001,31.388,0.443,Egypt
8/1/2001,31.803,0.424,Egypt
9/1/2001,29.35,0.298,Egypt
10/1/2001,24.303,0.361,Egypt
11/1/2001,19.437,0.338,Egypt
12/1/2001,14.942,0.355,Egypt
1/1/2002,12.173,0.313,Egypt
2/1/2002,16.692,0.597,Egypt
3/1/2002,20.193,0.28,Egypt
4/1/2002,23.454,0.186,Egypt
5/1/2002,27.212,0.279,Egypt
6/1/2002,29.535,0.247,Egypt
7/1/2002,32.509,0.567,Egypt
8/1/2002,31.682,0.262,Egypt
9/1/2002,30.13,0.263,Egypt
10/1/2002,25.24,0.214,Egypt
11/1/2002,20.543,0.229,Egypt
12/1/2002,15.232,0.422,Egypt
1/1/2003,15.251,0.391,Egypt
2/1/2003,14.241,0.321,Egypt
3/1/2003,17.082,0.271,Egypt
4/1/2003,23.587,0.287,Egypt
5/1/2003,28.551,0.329,Egypt
6/1/2003,30.759,0.363,Egypt
7/1/2003,31.246,0.316,Egypt
8/1/2003,31.346,0.453,Egypt
9/1/2003,29.049,0.275,Egypt
10/1/2003,25.76,0.407,Egypt
11/1/2003,20.37,0.432,Egypt
12/1/2003,14.715,0.357,Egypt
1/1/2004,13.671,0.371,Egypt
2/1/2004,15.796,0.342,Egypt
3/1/2004,20.21,0.391,Egypt
4/1/2004,23.425,0.291,Egypt
5/1/2004,28.606,0.372,Egypt
6/1/2004,29.626,0.299,Egypt
7/1/2004,31.399,0.219,Egypt
8/1/2004,30.464,0.301,Egypt
9/1/2004,28.209,0.207,Egypt
10/1/2004,25.448,0.305,Egypt
11/1/2004,20.373,0.267,Egypt
12/1/2004,14.906,0.284,Egypt
1/1/2005,13.883,0.414,Egypt
2/1/2005,16.181,0.297,Egypt
3/1/2005,19.638,0.347,Egypt
4/1/2005,23.532,0.775,Egypt
5/1/2005,26.92,0.259,Egypt
6/1/2005,30.006,0.219,Egypt
7/1/2005,31.44,0.251,Egypt
8/1/2005,31.393,0.236,Egypt
9/1/2005,29.403,0.24,Egypt
10/1/2005,24.593,0.17,Egypt
11/1/2005,18.865,0.212,Egypt
12/1/2005,16.389,0.336,Egypt
1/1/2006,14.248,0.393,Egypt
2/1/2006,16.833,0.382,Egypt
3/1/2006,20.016,0.404,Egypt
4/1/2006,23.425,0.244,Egypt
5/1/2006,27.162,0.545,Egypt
6/1/2006,30.648,0.435,Egypt
7/1/2006,30.792,0.308,Egypt
8/1/2006,32.005,0.377,Egypt
9/1/2006,29.509,0.327,Egypt
10/1/2006,25.026,0.227,Egypt
11/1/2006,18.216,0.286,Egypt
12/1/2006,14.188,0.314,Egypt
1/1/2007,13.277,0.271,Egypt
2/1/2007,15.856,0.326,Egypt
3/1/2007,19.375,0.279,Egypt
4/1/2007,23.655,0.347,Egypt
5/1/2007,28.288,0.212,Egypt
6/1/2007,30.696,0.235,Egypt
7/1/2007,31.556,0.322,Egypt
8/1/2007,31.336,0.489,Egypt
9/1/2007,28.102,0.194,Egypt
10/1/2007,25.638,0.256,Egypt
11/1/2007,20.115,0.226,Egypt
12/1/2007,15.118,0.257,Egypt
1/1/2008,12.687,0.322,Egypt
2/1/2008,14.211,0.254,Egypt
3/1/2008,21.699,0.308,Egypt
4/1/2008,24.419,0.29,Egypt
5/1/2008,27.904,0.303,Egypt
6/1/2008,31.527,0.271,Egypt
7/1/2008,31.335,0.301,Egypt
8/1/2008,31.696,0.33,Egypt
9/1/2008,29.807,0.195,Egypt
10/1/2008,24.558,0.218,Egypt
11/1/2008,20.667,0.272,Egypt
12/1/2008,16.385,0.361,Egypt
1/1/2009,14.936,0.301,Egypt
2/1/2009,16.196,0.283,Egypt
3/1/2009,18.309,0.173,Egypt
4/1/2009,24.511,0.384,Egypt
5/1/2009,26.508,0.207,Egypt
6/1/2009,30.805,0.171,Egypt
7/1/2009,31.631,0.519,Egypt
8/1/2009,30.699,0.331,Egypt
9/1/2009,29.449,0.243,Egypt
10/1/2009,26.006,0.282,Egypt
11/1/2009,19.739,0.245,Egypt
12/1/2009,16.031,0.219,Egypt
1/1/2010,16.153,0.287,Egypt
2/1/2010,18.812,0.378,Egypt
3/1/2010,21.614,0.297,Egypt
4/1/2010,24.744,0.397,Egypt
5/1/2010,27.987,0.325,Egypt
6/1/2010,31.498,0.277,Egypt
7/1/2010,31.845,0.343,Egypt
8/1/2010,32.591,0.264,Egypt
9/1/2010,30.231,0.337,Egypt
10/1/2010,27.538,0.331,Egypt
11/1/2010,22.25,0.366,Egypt
12/1/2010,16.56,0.299,Egypt
1/1/2011,14.39,0.279,Egypt
2/1/2011,17.018,0.341,Egypt
3/1/2011,18.944,0.272,Egypt
4/1/2011,22.928,0.252,Egypt
5/1/2011,27.273,0.208,Egypt
6/1/2011,30.017,0.279,Egypt
7/1/2011,31.816,0.276,Egypt
8/1/2011,31.167,0.244,Egypt
9/1/2011,28.927,0.19,Egypt
10/1/2011,24.546,0.442,Egypt
11/1/2011,18.145,0.437,Egypt
12/1/2011,14.806,0.514,Egypt
1/1/2012,12.489,0.433,Egypt
2/1/2012,15.536,0.336,Egypt
3/1/2012,18.045,0.286,Egypt
4/1/2012,24.626,0.303,Egypt
5/1/2012,28.515,0.454,Egypt
6/1/2012,31.2,0.444,Egypt
7/1/2012,31.642,1.049,Egypt
8/1/2012,31.297,0.556,Egypt
9/1/2012,28.853,0.773,Egypt
10/1/2012,26.466,0.525,Egypt
11/1/2012,21.105,0.518,Egypt
12/1/2012,15.477,0.456,Egypt
1/1/2013,14.792,0.528,Egypt
2/1/2013,17.203,0.682,Egypt
3/1/2013,21.278,0.416,Egypt
4/1/2013,22.741,0.558,Egypt
5/1/2013,28.974,0.711,Egypt
6/1/2013,30.269,0.835,Egypt
7/1/2013,30.114,1.331,Egypt
8/1/2013,30.671,1.12,Egypt
9/1/2013,,,Egypt
